Isolate,Sequenceing_Date,Pool,MID_Tag,Location,Publication,Collection_Date,Age,Disease_Status
3D7,13-Apr,P1,MID46-47,3D7,current,NA,NA,Lab_isolates
3D7,13-Aug,P1,MID15-18,3D7,current,NA,NA,Lab_isolates
3D7,13-Jul,P1,MID39-40,3D7,current,NA,NA,Lab_isolates
3D7,13-Mar,P1,MID54,3D7,current,NA,NA,Lab_isolates
3D7,13-May,P1,MID8-8,3D7,current,NA,NA,Lab_isolates
3D7,12-Oct,P1,MID62,3D7,current,NA,NA,Lab_isolates
3D7,12-Oct,P3,MID62,3D7,current,NA,NA,Lab_isolates
3D7,12-Oct,P2,MID62,3D7,current,NA,NA,Lab_isolates
3D7,12-Oct,P4,MID62,3D7,current,NA,NA,Lab_isolates
3D7,11-Sep,P3,MID58,3D7,current,NA,NA,Lab_isolates
3D7,11-Sep,P3,MID44,3D7,current,NA,NA,Lab_isolates
3D7xDD2,11-Apr,P4,MID57,3D7xDD2,current,NA,NA,Lab_isolates
3D7xDD2,11-Sep,P4,MID6,3D7xDD2,current,NA,NA,Lab_isolates
Col30,11-Sep,P3,MID38,Colombia_Turbo,Restrepo,2002-2004,All,Uncomplicated
Col24,11-Sep,P1,MID38,Colombia_Turbo,Restrepo,2002-2004,All,Uncomplicated
Col15,11-Sep,P1,MID36,Colombia_Turbo,Restrepo,2002-2004,All,Uncomplicated
Col8,11-Sep,P4,MID34,Colombia_Turbo,Restrepo,2002-2004,All,Uncomplicated
Col13,11-Sep,P4,MID35,Colombia_Turbo,Restrepo,2002-2004,All,Uncomplicated
Col23,11-Sep,P4,MID37,Colombia_Turbo,Restrepo,2002-2004,All,Uncomplicated
Col5,11-Sep,P2,MID34,Colombia_Turbo,Restrepo,2002-2004,All,Uncomplicated
Col16,11-Sep,P2,MID36,Colombia_Turbo,Restrepo,2002-2004,All,Uncomplicated
Col9,11-Sep,P1,MID35,Colombia_Turbo,Restrepo,2002-2004,All,Uncomplicated
Col21,11-Sep,P2,MID37,Colombia_Turbo,Restrepo,2002-2004,All,Uncomplicated
Col4,11-Sep,P1,MID34,Colombia_Turbo,Restrepo,2002-2004,All,Uncomplicated
Col25,11-Sep,P2,MID38,Colombia_Turbo,Restrepo,2002-2004,All,Uncomplicated
Col2,11-Sep,P3,MID33,Colombia_Turbo,Restrepo,2002-2004,All,Uncomplicated
Col1,11-Sep,P2,MID33,Colombia_Turbo,Restrepo,2002-2004,All,Uncomplicated
Col7,11-Sep,P3,MID34,Colombia_Turbo,Restrepo,2002-2004,All,Uncomplicated
Col11,11-Sep,P3,MID35,Colombia_Turbo,Restrepo,2002-2004,All,Uncomplicated
Col22,11-Sep,P3,MID37,Colombia_Turbo,Restrepo,2002-2004,All,Uncomplicated
Col3,11-Sep,P4,MID33,Colombia_Turbo,Restrepo,2002-2004,All,Uncomplicated
Col18,11-Sep,P1,MID37,Colombia_Turbo,Restrepo,2002-2004,All,Uncomplicated
Col17,11-Sep,P3,MID36,Colombia_Turbo,Restrepo,2002-2004,All,Uncomplicated
Col10,11-Sep,P2,MID35,Colombia_Turbo,Restrepo,2002-2004,All,Uncomplicated
DD2,11-Apr,P2,MID57,DD2,current,NA,NA,Lab_isolates
DD2,13-Apr,P1,MID47-47,DD2,current,NA,NA,Lab_isolates
DD2,13-Aug,P2,MID16-18,DD2,current,NA,NA,Lab_isolates
DD2,13-Jul,P2,MID40-40,DD2,current,NA,NA,Lab_isolates
DD2,13-Mar,P3,MID56,DD2,current,NA,NA,Lab_isolates
DD2,13-May,P2,MID8-11,DD2,current,NA,NA,Lab_isolates
DD2,11-Sep,P3,MID6,DD2,current,NA,NA,Lab_isolates
DD2xHB3,13-Apr,P2,MID47-48,DD2xHB3,current,NA,NA,Lab_isolates
DD2xHB3,13-Mar,P4,MID57,DD2xHB3,current,NA,NA,Lab_isolates
DD2xHB3,13-May,P2,MID10-10,DD2xHB3,current,NA,NA,Lab_isolates
Gc22,11-Sep,P3,MID4,FrenchGuiana_Camopi,Yalcindag,2006-2008,All,Uncomplicated
Gc53,11-Sep,P1,MID16,FrenchGuiana_Camopi,Yalcindag,2006-2008,All,Uncomplicated
Gc14,11-Sep,P4,MID2,FrenchGuiana_Camopi,Yalcindag,2006-2008,All,Uncomplicated
Gc35,11-Sep,P2,MID5,FrenchGuiana_Camopi,Yalcindag,2006-2008,All,Uncomplicated
Gc50,11-Sep,P2,MID16,FrenchGuiana_Camopi,Yalcindag,2006-2008,All,Uncomplicated
Gc15,11-Sep,P1,MID3,FrenchGuiana_Camopi,Yalcindag,2006-2008,All,Uncomplicated
Gc2,11-Sep,P2,MID1,FrenchGuiana_Camopi,Yalcindag,2006-2008,All,Uncomplicated
Gc28,11-Sep,P2,MID4,FrenchGuiana_Camopi,Yalcindag,2006-2008,All,Uncomplicated
Gc46,11-Sep,P3,MID15,FrenchGuiana_Camopi,Yalcindag,2006-2008,All,Uncomplicated
Gc39,11-Sep,P1,MID6,FrenchGuiana_Camopi,Yalcindag,2006-2008,All,Uncomplicated
Gc13,11-Sep,P1,MID11,FrenchGuiana_Camopi,Yalcindag,2006-2008,All,Uncomplicated
Gc7,11-Sep,P1,MID2,FrenchGuiana_Camopi,Yalcindag,2006-2008,All,Uncomplicated
Gc6,11-Sep,P4,MID1,FrenchGuiana_Camopi,Yalcindag,2006-2008,All,Uncomplicated
Gc21,11-Sep,P1,MID4,FrenchGuiana_Camopi,Yalcindag,2006-2008,All,Uncomplicated
Gc47,11-Sep,P2,MID7,FrenchGuiana_Camopi,Yalcindag,2006-2008,All,Uncomplicated
Gc58,11-Sep,P2,MID17,FrenchGuiana_Camopi,Yalcindag,2006-2008,All,Uncomplicated
Gc26,11-Sep,P3,MID13,FrenchGuiana_Camopi,Yalcindag,2006-2008,All,Uncomplicated
Gc42,11-Sep,P2,MID15,FrenchGuiana_Camopi,Yalcindag,2006-2008,All,Uncomplicated
Gc49,11-Sep,P4,MID15,FrenchGuiana_Camopi,Yalcindag,2006-2008,All,Uncomplicated
Gc1,11-Sep,P1,MID1,FrenchGuiana_Camopi,Yalcindag,2006-2008,All,Uncomplicated
Gc23,11-Sep,P4,MID11,FrenchGuiana_Camopi,Yalcindag,2006-2008,All,Uncomplicated
Gc25,11-Sep,P2,MID13,FrenchGuiana_Camopi,Yalcindag,2006-2008,All,Uncomplicated
Gc45,11-Sep,P1,MID7,FrenchGuiana_Camopi,Yalcindag,2006-2008,All,Uncomplicated
Gc24,11-Sep,P1,MID13,FrenchGuiana_Camopi,Yalcindag,2006-2008,All,Uncomplicated
Gc31,11-Sep,P3,MID14,FrenchGuiana_Camopi,Yalcindag,2006-2008,All,Uncomplicated
Gc5,11-Sep,P3,MID1,FrenchGuiana_Camopi,Yalcindag,2006-2008,All,Uncomplicated
Gc27,11-Sep,P4,MID13,FrenchGuiana_Camopi,Yalcindag,2006-2008,All,Uncomplicated
Gc38,11-Sep,P1,MID15,FrenchGuiana_Camopi,Yalcindag,2006-2008,All,Uncomplicated
Gc19,11-Sep,P2,MID3,FrenchGuiana_Camopi,Yalcindag,2006-2008,All,Uncomplicated
Gc36,11-Sep,P3,MID5,FrenchGuiana_Camopi,Yalcindag,2006-2008,All,Uncomplicated
Gc37,11-Sep,P4,MID5,FrenchGuiana_Camopi,Yalcindag,2006-2008,All,Uncomplicated
Gc18,11-Sep,P3,MID11,FrenchGuiana_Camopi,Yalcindag,2006-2008,All,Uncomplicated
Gc8,11-Sep,P2,MID2,FrenchGuiana_Camopi,Yalcindag,2006-2008,All,Uncomplicated
Gc17,11-Sep,P2,MID11,FrenchGuiana_Camopi,Yalcindag,2006-2008,All,Uncomplicated
Gc57,11-Sep,P1,MID17,FrenchGuiana_Camopi,Yalcindag,2006-2008,All,Uncomplicated
Gc20,11-Sep,P3,MID3,FrenchGuiana_Camopi,Yalcindag,2006-2008,All,Uncomplicated
Gc32,11-Sep,P1,MID14,FrenchGuiana_Camopi,Yalcindag,2006-2008,All,Uncomplicated
Gc43,11-Sep,P2,MID6,FrenchGuiana_Camopi,Yalcindag,2006-2008,All,Uncomplicated
Gc34,11-Sep,P2,MID14,FrenchGuiana_Camopi,Yalcindag,2006-2008,All,Uncomplicated
Gc11,11-Sep,P3,MID2,FrenchGuiana_Camopi,Yalcindag,2006-2008,All,Uncomplicated
Gc9,11-Sep,P1,MID10,FrenchGuiana_Camopi,Yalcindag,2006-2008,All,Uncomplicated
G3st16,11-Sep,P2,MID25,FrenchGuiana_TroisSauts,Yalcindag,2006-2008,All,Uncomplicated
G3st15,11-Sep,P1,MID25,FrenchGuiana_TroisSauts,Yalcindag,2006-2008,All,Uncomplicated
G3st12,11-Sep,P1,MID19,FrenchGuiana_TroisSauts,Yalcindag,2006-2008,All,Uncomplicated
G3st23,11-Sep,P1,MID20,FrenchGuiana_TroisSauts,Yalcindag,2006-2008,All,Uncomplicated
G3st28,11-Sep,P3,MID26,FrenchGuiana_TroisSauts,Yalcindag,2006-2008,All,Uncomplicated
G3st39,11-Sep,P1,MID22,FrenchGuiana_TroisSauts,Yalcindag,2006-2008,All,Uncomplicated
G3st48,11-Sep,P1,MID29,FrenchGuiana_TroisSauts,Yalcindag,2006-2008,All,Uncomplicated
G3st6,11-Sep,P2,MID18,FrenchGuiana_TroisSauts,Yalcindag,2006-2008,All,Uncomplicated
G3st14,11-Sep,P3,MID24,FrenchGuiana_TroisSauts,Yalcindag,2006-2008,All,Uncomplicated
G3st27,11-Sep,P4,MID20,FrenchGuiana_TroisSauts,Yalcindag,2006-2008,All,Uncomplicated
G3st18,11-Sep,P3,MID25,FrenchGuiana_TroisSauts,Yalcindag,2006-2008,All,Uncomplicated
G3st35,11-Sep,P1,MID27,FrenchGuiana_TroisSauts,Yalcindag,2006-2008,All,Uncomplicated
G3st2,11-Sep,P3,MID17,FrenchGuiana_TroisSauts,Yalcindag,2006-2008,All,Uncomplicated
G3st46,11-Sep,P1,MID23,FrenchGuiana_TroisSauts,Yalcindag,2006-2008,All,Uncomplicated
G3st21,11-Sep,P2,MID19,FrenchGuiana_TroisSauts,Yalcindag,2006-2008,All,Uncomplicated
G3st43,11-Sep,P3,MID22,FrenchGuiana_TroisSauts,Yalcindag,2006-2008,All,Uncomplicated
G3st22,11-Sep,P3,MID19,FrenchGuiana_TroisSauts,Yalcindag,2006-2008,All,Uncomplicated
G3st32,11-Sep,P4,MID21,FrenchGuiana_TroisSauts,Yalcindag,2006-2008,All,Uncomplicated
G3st44,11-Sep,P2,MID28,FrenchGuiana_TroisSauts,Yalcindag,2006-2008,All,Uncomplicated
G3st19,11-Sep,P1,MID26,FrenchGuiana_TroisSauts,Yalcindag,2006-2008,All,Uncomplicated
G3st26,11-Sep,P3,MID20,FrenchGuiana_TroisSauts,Yalcindag,2006-2008,All,Uncomplicated
G3st8,11-Sep,P1,MID24,FrenchGuiana_TroisSauts,Yalcindag,2006-2008,All,Uncomplicated
G3st5,11-Sep,P1,MID18,FrenchGuiana_TroisSauts,Yalcindag,2006-2008,All,Uncomplicated
G3st31,11-Sep,P2,MID21,FrenchGuiana_TroisSauts,Yalcindag,2006-2008,All,Uncomplicated
G3st30,11-Sep,P1,MID21,FrenchGuiana_TroisSauts,Yalcindag,2006-2008,All,Uncomplicated
G3st34,11-Sep,P3,MID21,FrenchGuiana_TroisSauts,Yalcindag,2006-2008,All,Uncomplicated
G3st36,11-Sep,P2,MID27,FrenchGuiana_TroisSauts,Yalcindag,2006-2008,All,Uncomplicated
G3st25,11-Sep,P2,MID20,FrenchGuiana_TroisSauts,Yalcindag,2006-2008,All,Uncomplicated
G3st13,11-Sep,P2,MID24,FrenchGuiana_TroisSauts,Yalcindag,2006-2008,All,Uncomplicated
G3st7,11-Sep,P3,MID18,FrenchGuiana_TroisSauts,Yalcindag,2006-2008,All,Uncomplicated
G3st3,11-Sep,P4,MID17,FrenchGuiana_TroisSauts,Yalcindag,2006-2008,All,Uncomplicated
G3st40,11-Sep,P2,MID22,FrenchGuiana_TroisSauts,Yalcindag,2006-2008,All,Uncomplicated
G3st10,11-Sep,P4,MID18,FrenchGuiana_TroisSauts,Yalcindag,2006-2008,All,Uncomplicated
G3st20,11-Sep,P2,MID26,FrenchGuiana_TroisSauts,Yalcindag,2006-2008,All,Uncomplicated
G3st37,11-Sep,P1,MID28,FrenchGuiana_TroisSauts,Yalcindag,2006-2008,All,Uncomplicated
BK105,11-Apr,P2,MID04,Gabon_Bakoumba,DayPNAS2017,2000,12-Jan,Asymptomatic
BK1204,11-Apr,P4,MID61,Gabon_Bakoumba,DayPNAS2017,2000,12-Jan,Asymptomatic
BK583,11-Apr,P2,MID33,Gabon_Bakoumba,DayPNAS2017,2000,12-Jan,Asymptomatic
BK557,11-Apr,P2,MID31,Gabon_Bakoumba,DayPNAS2017,2000,12-Jan,Asymptomatic
BK891,11-Apr,P3,MID48,Gabon_Bakoumba,DayPNAS2017,2000,12-Jan,Asymptomatic
BK169,11-Apr,P4,MID05,Gabon_Bakoumba,DayPNAS2017,2000,12-Jan,Asymptomatic
BK398,11-Apr,P1,MID18,Gabon_Bakoumba,DayPNAS2017,2000,12-Jan,Asymptomatic
BK672,11-Apr,P1,MID41,Gabon_Bakoumba,DayPNAS2017,2000,12-Jan,Asymptomatic
BK78,11-Apr,P4,MID03,Gabon_Bakoumba,DayPNAS2017,2000,12-Jan,Asymptomatic
BK394,11-Apr,P3,MID17,Gabon_Bakoumba,DayPNAS2017,2000,12-Jan,Asymptomatic
BK1424,11-Apr,P1,MID30,Gabon_Bakoumba,DayPNAS2017,2000,12-Jan,Asymptomatic
BK448,11-Apr,P1,MID22,Gabon_Bakoumba,DayPNAS2017,2000,12-Jan,Asymptomatic
BK461,11-Apr,P3,MID23,Gabon_Bakoumba,DayPNAS2017,2000,12-Jan,Asymptomatic
BK670,11-Apr,P4,MID40,Gabon_Bakoumba,DayPNAS2017,2000,12-Jan,Asymptomatic
BK520,11-Apr,P3,MID29,Gabon_Bakoumba,DayPNAS2017,2000,12-Jan,Asymptomatic
BK112,11-Apr,P3,MID04,Gabon_Bakoumba,DayPNAS2017,2000,12-Jan,Asymptomatic
BK649,11-Apr,P2,MID39,Gabon_Bakoumba,DayPNAS2017,2000,12-Jan,Asymptomatic
BK446,11-Apr,P3,MID22,Gabon_Bakoumba,DayPNAS2017,2000,12-Jan,Asymptomatic
BK559,11-Apr,P4,MID31,Gabon_Bakoumba,DayPNAS2017,2000,12-Jan,Asymptomatic
BK209,11-Apr,P2,MID08,Gabon_Bakoumba,DayPNAS2017,2000,12-Jan,Asymptomatic
BK521,11-Apr,P4,MID29,Gabon_Bakoumba,DayPNAS2017,2000,12-Jan,Asymptomatic
BK507,11-Apr,P2,MID28,Gabon_Bakoumba,DayPNAS2017,2000,12-Jan,Asymptomatic
BK51,11-Apr,P4,MID02,Gabon_Bakoumba,DayPNAS2017,2000,12-Jan,Asymptomatic
BK1316,11-Apr,P3,MID01,Gabon_Bakoumba,DayPNAS2017,2000,12-Jan,Asymptomatic
BK615,11-Apr,P2,MID36,Gabon_Bakoumba,DayPNAS2017,2000,12-Jan,Asymptomatic
BK558,11-Apr,P3,MID31,Gabon_Bakoumba,DayPNAS2017,2000,12-Jan,Asymptomatic
BK430,11-Apr,P2,MID21,Gabon_Bakoumba,DayPNAS2017,2000,12-Jan,Asymptomatic
BK407,11-Apr,P1,MID19,Gabon_Bakoumba,DayPNAS2017,2000,12-Jan,Asymptomatic
BK471,11-Apr,P3,MID24,Gabon_Bakoumba,DayPNAS2017,2000,12-Jan,Asymptomatic
BK779,11-Apr,P2,MID44,Gabon_Bakoumba,DayPNAS2017,2000,12-Jan,Asymptomatic
BK1053,11-Apr,P4,MID59,Gabon_Bakoumba,DayPNAS2017,2000,12-Jan,Asymptomatic
BK1329,11-Apr,P2,MID02,Gabon_Bakoumba,DayPNAS2017,2000,12-Jan,Asymptomatic
BK1423,11-Apr,P1,MID28,Gabon_Bakoumba,DayPNAS2017,2000,12-Jan,Asymptomatic
BK1309,11-Apr,P4,MID62,Gabon_Bakoumba,DayPNAS2017,2000,12-Jan,Asymptomatic
BK661,11-Apr,P1,MID40,Gabon_Bakoumba,DayPNAS2017,2000,12-Jan,Asymptomatic
BK488,11-Apr,P4,MID26,Gabon_Bakoumba,DayPNAS2017,2000,12-Jan,Asymptomatic
BK651,11-Apr,P3,MID39,Gabon_Bakoumba,DayPNAS2017,2000,12-Jan,Asymptomatic
BK478,11-Apr,P3,MID25,Gabon_Bakoumba,DayPNAS2017,2000,12-Jan,Asymptomatic
BK419,11-Apr,P2,MID20,Gabon_Bakoumba,DayPNAS2017,2000,12-Jan,Asymptomatic
BK335,11-Apr,P2,MID13,Gabon_Bakoumba,DayPNAS2017,2000,12-Jan,Asymptomatic
BK862,11-Apr,P1,MID47,Gabon_Bakoumba,DayPNAS2017,2000,12-Jan,Asymptomatic
BK860,11-Apr,P4,MID46,Gabon_Bakoumba,DayPNAS2017,2000,12-Jan,Asymptomatic
BK576,11-Apr,P4,MID32,Gabon_Bakoumba,DayPNAS2017,2000,12-Jan,Asymptomatic
BK1334,11-Apr,P1,MID14,Gabon_Bakoumba,DayPNAS2017,2000,12-Jan,Asymptomatic
BK802,11-Apr,P3,MID45,Gabon_Bakoumba,DayPNAS2017,2000,12-Jan,Asymptomatic
BK422,11-Apr,P3,MID20,Gabon_Bakoumba,DayPNAS2017,2000,12-Jan,Asymptomatic
BK1202,11-Apr,P3,MID61,Gabon_Bakoumba,DayPNAS2017,2000,12-Jan,Asymptomatic
BK433,11-Apr,P3,MID21,Gabon_Bakoumba,DayPNAS2017,2000,12-Jan,Asymptomatic
BK543,11-Apr,P2,MID30,Gabon_Bakoumba,DayPNAS2017,2000,12-Jan,Asymptomatic
BK513,11-Apr,P3,MID33,Gabon_Bakoumba,DayPNAS2017,2000,12-Jan,Asymptomatic
BK25,11-Apr,P4,MID01,Gabon_Bakoumba,DayPNAS2017,2000,12-Jan,Asymptomatic
BK227,11-Apr,P4,MID08,Gabon_Bakoumba,DayPNAS2017,2000,12-Jan,Asymptomatic
BK517,11-Apr,P2,MID29,Gabon_Bakoumba,DayPNAS2017,2000,12-Jan,Asymptomatic
BK439,11-Apr,P4,MID22,Gabon_Bakoumba,DayPNAS2017,2000,12-Jan,Asymptomatic
BK575,11-Apr,P3,MID32,Gabon_Bakoumba,DayPNAS2017,2000,12-Jan,Asymptomatic
BK1064,11-Apr,P1,MID60,Gabon_Bakoumba,DayPNAS2017,2000,12-Jan,Asymptomatic
BK454,11-Apr,P1,MID23,Gabon_Bakoumba,DayPNAS2017,2000,12-Jan,Asymptomatic
BK637,11-Apr,P2,MID38,Gabon_Bakoumba,DayPNAS2017,2000,12-Jan,Asymptomatic
BK416,11-Apr,P1,MID20,Gabon_Bakoumba,DayPNAS2017,2000,12-Jan,Asymptomatic
BK1208,11-Apr,P2,MID62,Gabon_Bakoumba,DayPNAS2017,2000,12-Jan,Asymptomatic
BK774,11-Apr,P4,MID43,Gabon_Bakoumba,DayPNAS2017,2000,12-Jan,Asymptomatic
BK379,11-Apr,P2,MID16,Gabon_Bakoumba,DayPNAS2017,2000,12-Jan,Asymptomatic
BK1324,11-Apr,P3,MID05,Gabon_Bakoumba,DayPNAS2017,2000,12-Jan,Asymptomatic
BK882,11-Apr,P1,MID48,Gabon_Bakoumba,DayPNAS2017,2000,12-Jan,Asymptomatic
BK71,11-Apr,P3,MID03,Gabon_Bakoumba,DayPNAS2017,2000,12-Jan,Asymptomatic
BK868,11-Apr,P3,MID47,Gabon_Bakoumba,DayPNAS2017,2000,12-Jan,Asymptomatic
BK1017,11-Apr,P3,MID54,Gabon_Bakoumba,DayPNAS2017,2000,12-Jan,Asymptomatic
BK408,11-Apr,P2,MID19,Gabon_Bakoumba,DayPNAS2017,2000,12-Jan,Asymptomatic
BK483,11-Apr,P1,MID26,Gabon_Bakoumba,DayPNAS2017,2000,12-Jan,Asymptomatic
BK675,11-Apr,P2,MID41,Gabon_Bakoumba,DayPNAS2017,2000,12-Jan,Asymptomatic
BK1037,11-Apr,P2,MID55,Gabon_Bakoumba,DayPNAS2017,2000,12-Jan,Asymptomatic
BK26,11-Apr,P1,MID02,Gabon_Bakoumba,DayPNAS2017,2000,12-Jan,Asymptomatic
BK958,11-Apr,P3,MID51,Gabon_Bakoumba,DayPNAS2017,2000,12-Jan,Asymptomatic
BK485,11-Apr,P2,MID26,Gabon_Bakoumba,DayPNAS2017,2000,12-Jan,Asymptomatic
BK550,11-Apr,P3,MID30,Gabon_Bakoumba,DayPNAS2017,2000,12-Jan,Asymptomatic
BK884,11-Apr,P2,MID48,Gabon_Bakoumba,DayPNAS2017,2000,12-Jan,Asymptomatic
BK366,11-Apr,P1,MID15,Gabon_Bakoumba,DayPNAS2017,2000,12-Jan,Asymptomatic
BK622,11-Apr,P1,MID37,Gabon_Bakoumba,DayPNAS2017,2000,12-Jan,Asymptomatic
BK1030,11-Apr,P1,MID55,Gabon_Bakoumba,DayPNAS2017,2000,12-Jan,Asymptomatic
BK912,11-Apr,P1,MID50,Gabon_Bakoumba,DayPNAS2017,2000,12-Jan,Asymptomatic
BK1051,11-Apr,P3,MID59,Gabon_Bakoumba,DayPNAS2017,2000,12-Jan,Asymptomatic
BK456,11-Apr,P2,MID23,Gabon_Bakoumba,DayPNAS2017,2000,12-Jan,Asymptomatic
BK745,11-Apr,P1,MID43,Gabon_Bakoumba,DayPNAS2017,2000,12-Jan,Asymptomatic
BK467,11-Apr,P1,MID24,Gabon_Bakoumba,DayPNAS2017,2000,12-Jan,Asymptomatic
BK1006,11-Apr,P3,MID53,Gabon_Bakoumba,DayPNAS2017,2000,12-Jan,Asymptomatic
BK863,11-Apr,P2,MID47,Gabon_Bakoumba,DayPNAS2017,2000,12-Jan,Asymptomatic
BK1005,11-Apr,P2,MID53,Gabon_Bakoumba,DayPNAS2017,2000,12-Jan,Asymptomatic
BK130,11-Apr,P2,MID05,Gabon_Bakoumba,DayPNAS2017,2000,12-Jan,Asymptomatic
BK959,11-Apr,P4,MID51,Gabon_Bakoumba,DayPNAS2017,2000,12-Jan,Asymptomatic
BK481,11-Apr,P4,MID25,Gabon_Bakoumba,DayPNAS2017,2000,12-Jan,Asymptomatic
BK400,11-Apr,P2,MID18,Gabon_Bakoumba,DayPNAS2017,2000,12-Jan,Asymptomatic
BK258,11-Apr,P1,MID10,Gabon_Bakoumba,DayPNAS2017,2000,12-Jan,Asymptomatic
BK911,11-Apr,P2,MID49,Gabon_Bakoumba,DayPNAS2017,2000,12-Jan,Asymptomatic
BK836,11-Apr,P3,MID46,Gabon_Bakoumba,DayPNAS2017,2000,12-Jan,Asymptomatic
BK1400,11-Apr,P1,MID16,Gabon_Bakoumba,DayPNAS2017,2000,12-Jan,Asymptomatic
BK765,11-Apr,P3,MID43,Gabon_Bakoumba,DayPNAS2017,2000,12-Jan,Asymptomatic
BK10,11-Apr,P1,MID01,Gabon_Bakoumba,DayPNAS2017,2000,12-Jan,Asymptomatic
BK1072,11-Apr,P2,MID61,Gabon_Bakoumba,DayPNAS2017,2000,12-Jan,Asymptomatic
BK514,11-Apr,P4,MID28,Gabon_Bakoumba,DayPNAS2017,2000,12-Jan,Asymptomatic
BK363,11-Apr,P4,MID14,Gabon_Bakoumba,DayPNAS2017,2000,12-Jan,Asymptomatic
BK381,11-Apr,P4,MID16,Gabon_Bakoumba,DayPNAS2017,2000,12-Jan,Asymptomatic
BK607,11-Apr,P4,MID35,Gabon_Bakoumba,DayPNAS2017,2000,12-Jan,Asymptomatic
BK634,11-Apr,P4,MID37,Gabon_Bakoumba,DayPNAS2017,2000,12-Jan,Asymptomatic
BK1042,11-Apr,P1,MID56,Gabon_Bakoumba,DayPNAS2017,2000,12-Jan,Asymptomatic
BK1047,11-Apr,P3,MID56,Gabon_Bakoumba,DayPNAS2017,2000,12-Jan,Asymptomatic
BK832,11-Apr,P2,MID46,Gabon_Bakoumba,DayPNAS2017,2000,12-Jan,Asymptomatic
BK311,11-Apr,P4,MID11,Gabon_Bakoumba,DayPNAS2017,2000,12-Jan,Asymptomatic
BK668,11-Apr,P2,MID40,Gabon_Bakoumba,DayPNAS2017,2000,12-Jan,Asymptomatic
BK753,11-Apr,P2,MID43,Gabon_Bakoumba,DayPNAS2017,2000,12-Jan,Asymptomatic
BK1000,11-Apr,P1,MID53,Gabon_Bakoumba,DayPNAS2017,2000,12-Jan,Asymptomatic
BK1050,11-Apr,P2,MID59,Gabon_Bakoumba,DayPNAS2017,2000,12-Jan,Asymptomatic
BK1426,11-Apr,P3,MID50,Gabon_Bakoumba,DayPNAS2017,2000,12-Jan,Asymptomatic
BK516,11-Apr,P1,MID29,Gabon_Bakoumba,DayPNAS2017,2000,12-Jan,Asymptomatic
BK595,11-Apr,P1,MID35,Gabon_Bakoumba,DayPNAS2017,2000,12-Jan,Asymptomatic
BK707,11-Apr,P3,MID41,Gabon_Bakoumba,DayPNAS2017,2000,12-Jan,Asymptomatic
BK277,11-Apr,P1,MID11,Gabon_Bakoumba,DayPNAS2017,2000,12-Jan,Asymptomatic
BK289,11-Apr,P2,MID11,Gabon_Bakoumba,DayPNAS2017,2000,12-Jan,Asymptomatic
BK1065,11-Apr,P2,MID60,Gabon_Bakoumba,DayPNAS2017,2000,12-Jan,Asymptomatic
BK725,11-Apr,P2,MID42,Gabon_Bakoumba,DayPNAS2017,2000,12-Jan,Asymptomatic
BK380,11-Apr,P3,MID16,Gabon_Bakoumba,DayPNAS2017,2000,12-Jan,Asymptomatic
BK498,11-Apr,P1,MID27,Gabon_Bakoumba,DayPNAS2017,2000,12-Jan,Asymptomatic
BK728,11-Apr,P3,MID42,Gabon_Bakoumba,DayPNAS2017,2000,12-Jan,Asymptomatic
BK318,11-Apr,P1,MID13,Gabon_Bakoumba,DayPNAS2017,2000,12-Jan,Asymptomatic
BK614,11-Apr,P1,MID36,Gabon_Bakoumba,DayPNAS2017,2000,12-Jan,Asymptomatic
BK1069,11-Apr,P1,MID61,Gabon_Bakoumba,DayPNAS2017,2000,12-Jan,Asymptomatic
BK820,11-Apr,P4,MID45,Gabon_Bakoumba,DayPNAS2017,2000,12-Jan,Asymptomatic
BK85,11-Apr,P1,MID04,Gabon_Bakoumba,DayPNAS2017,2000,12-Jan,Asymptomatic
BK636,11-Apr,P1,MID38,Gabon_Bakoumba,DayPNAS2017,2000,12-Jan,Asymptomatic
BK594,11-Apr,P4,MID34,Gabon_Bakoumba,DayPNAS2017,2000,12-Jan,Asymptomatic
BK401,11-Apr,P3,MID18,Gabon_Bakoumba,DayPNAS2017,2000,12-Jan,Asymptomatic
BK876,11-Apr,P4,MID47,Gabon_Bakoumba,DayPNAS2017,2000,12-Jan,Asymptomatic
BK1009,11-Apr,P4,MID53,Gabon_Bakoumba,DayPNAS2017,2000,12-Jan,Asymptomatic
BK423,11-Apr,P4,MID20,Gabon_Bakoumba,DayPNAS2017,2000,12-Jan,Asymptomatic
BK720,11-Apr,P1,MID42,Gabon_Bakoumba,DayPNAS2017,2000,12-Jan,Asymptomatic
BK556,11-Apr,P1,MID31,Gabon_Bakoumba,DayPNAS2017,2000,12-Jan,Asymptomatic
BK186,11-Apr,P1,MID07,Gabon_Bakoumba,DayPNAS2017,2000,12-Jan,Asymptomatic
BK957,11-Apr,P2,MID51,Gabon_Bakoumba,DayPNAS2017,2000,12-Jan,Asymptomatic
BK501,11-Apr,P2,MID27,Gabon_Bakoumba,DayPNAS2017,2000,12-Jan,Asymptomatic
BK1330,11-Apr,P3,MID08,Gabon_Bakoumba,DayPNAS2017,2000,12-Jan,Asymptomatic
BK271,11-Apr,P3,MID10,Gabon_Bakoumba,DayPNAS2017,2000,12-Jan,Asymptomatic
BK57,11-Apr,P1,MID03,Gabon_Bakoumba,DayPNAS2017,2000,12-Jan,Asymptomatic
BK67,11-Apr,P2,MID03,Gabon_Bakoumba,DayPNAS2017,2000,12-Jan,Asymptomatic
BK563,11-Apr,P1,MID32,Gabon_Bakoumba,DayPNAS2017,2000,12-Jan,Asymptomatic
BK586,11-Apr,P1,MID34,Gabon_Bakoumba,DayPNAS2017,2000,12-Jan,Asymptomatic
BK663,11-Apr,P1,MID44,Gabon_Bakoumba,DayPNAS2017,2000,12-Jan,Asymptomatic
BK1066,11-Apr,P3,MID60,Gabon_Bakoumba,DayPNAS2017,2000,12-Jan,Asymptomatic
BK710,11-Apr,P4,MID42,Gabon_Bakoumba,DayPNAS2017,2000,12-Jan,Asymptomatic
BK582,11-Apr,P1,MID33,Gabon_Bakoumba,DayPNAS2017,2000,12-Jan,Asymptomatic
BK269,11-Apr,P2,MID10,Gabon_Bakoumba,DayPNAS2017,2000,12-Jan,Asymptomatic
BK1318,11-Apr,P1,MID05,Gabon_Bakoumba,DayPNAS2017,2000,12-Jan,Asymptomatic
BK621,11-Apr,P4,MID36,Gabon_Bakoumba,DayPNAS2017,2000,12-Jan,Asymptomatic
BK645,11-Apr,P1,MID39,Gabon_Bakoumba,DayPNAS2017,2000,12-Jan,Asymptomatic
BK505,11-Apr,P3,MID27,Gabon_Bakoumba,DayPNAS2017,2000,12-Jan,Asymptomatic
BK362,11-Apr,P3,MID14,Gabon_Bakoumba,DayPNAS2017,2000,12-Jan,Asymptomatic
BK914,11-Apr,P2,MID50,Gabon_Bakoumba,DayPNAS2017,2000,12-Jan,Asymptomatic
BK669,11-Apr,P3,MID40,Gabon_Bakoumba,DayPNAS2017,2000,12-Jan,Asymptomatic
BK1417,11-Apr,P4,MID23,Gabon_Bakoumba,DayPNAS2017,2000,12-Jan,Asymptomatic
BK473,11-Apr,P1,MID25,Gabon_Bakoumba,DayPNAS2017,2000,12-Jan,Asymptomatic
BK1044,11-Apr,P2,MID56,Gabon_Bakoumba,DayPNAS2017,2000,12-Jan,Asymptomatic
BK358,11-Apr,P2,MID14,Gabon_Bakoumba,DayPNAS2017,2000,12-Jan,Asymptomatic
BK1307,11-Apr,P3,MID62,Gabon_Bakoumba,DayPNAS2017,2000,12-Jan,Asymptomatic
BK1014,11-Apr,P2,MID54,Gabon_Bakoumba,DayPNAS2017,2000,12-Jan,Asymptomatic
BK1206,11-Apr,P1,MID62,Gabon_Bakoumba,DayPNAS2017,2000,12-Jan,Asymptomatic
BK469,11-Apr,P2,MID24,Gabon_Bakoumba,DayPNAS2017,2000,12-Jan,Asymptomatic
BK799,11-Apr,P1,MID45,Gabon_Bakoumba,DayPNAS2017,2000,12-Jan,Asymptomatic
BK426,11-Apr,P1,MID21,Gabon_Bakoumba,DayPNAS2017,2000,12-Jan,Asymptomatic
BK821,11-Apr,P1,MID46,Gabon_Bakoumba,DayPNAS2017,2000,12-Jan,Asymptomatic
BK410,11-Apr,P3,MID19,Gabon_Bakoumba,DayPNAS2017,2000,12-Jan,Asymptomatic
BK954,11-Apr,P1,MID51,Gabon_Bakoumba,DayPNAS2017,2000,12-Jan,Asymptomatic
BK570,11-Apr,P2,MID32,Gabon_Bakoumba,DayPNAS2017,2000,12-Jan,Asymptomatic
BK894,11-Apr,P4,MID48,Gabon_Bakoumba,DayPNAS2017,2000,12-Jan,Asymptomatic
BK1010,11-Apr,P1,MID54,Gabon_Bakoumba,DayPNAS2017,2000,12-Jan,Asymptomatic
BK1328,11-Apr,P3,MID07,Gabon_Bakoumba,DayPNAS2017,2000,12-Jan,Asymptomatic
BK800,11-Apr,P2,MID45,Gabon_Bakoumba,DayPNAS2017,2000,12-Jan,Asymptomatic
BK617,11-Apr,P3,MID36,Gabon_Bakoumba,DayPNAS2017,2000,12-Jan,Asymptomatic
BK629,11-Apr,P3,MID37,Gabon_Bakoumba,DayPNAS2017,2000,12-Jan,Asymptomatic
BK643,11-Apr,P4,MID38,Gabon_Bakoumba,DayPNAS2017,2000,12-Jan,Asymptomatic
BK653,11-Apr,P4,MID39,Gabon_Bakoumba,DayPNAS2017,2000,12-Jan,Asymptomatic
BK628,11-Apr,P2,MID37,Gabon_Bakoumba,DayPNAS2017,2000,12-Jan,Asymptomatic
BK555,11-Apr,P4,MID30,Gabon_Bakoumba,DayPNAS2017,2000,12-Jan,Asymptomatic
BK368,11-Apr,P2,MID15,Gabon_Bakoumba,DayPNAS2017,2000,12-Jan,Asymptomatic
BK593,11-Apr,P3,MID34,Gabon_Bakoumba,DayPNAS2017,2000,12-Jan,Asymptomatic
BK486,11-Apr,P3,MID26,Gabon_Bakoumba,DayPNAS2017,2000,12-Jan,Asymptomatic
BK476,11-Apr,P2,MID25,Gabon_Bakoumba,DayPNAS2017,2000,12-Jan,Asymptomatic
BK1418,11-Apr,P4,MID24,Gabon_Bakoumba,DayPNAS2017,2000,12-Jan,Asymptomatic
BK298,11-Apr,P3,MID11,Gabon_Bakoumba,DayPNAS2017,2000,12-Jan,Asymptomatic
BK396,11-Apr,P4,MID17,Gabon_Bakoumba,DayPNAS2017,2000,12-Jan,Asymptomatic
BK900,11-Apr,P1,MID49,Gabon_Bakoumba,DayPNAS2017,2000,12-Jan,Asymptomatic
BK387,11-Apr,P1,MID17,Gabon_Bakoumba,DayPNAS2017,2000,12-Jan,Asymptomatic
BK950,11-Apr,P4,MID50,Gabon_Bakoumba,DayPNAS2017,2000,12-Jan,Asymptomatic
BK1038,11-Apr,P3,MID55,Gabon_Bakoumba,DayPNAS2017,2000,12-Jan,Asymptomatic
BK337,11-Apr,P3,MID13,Gabon_Bakoumba,DayPNAS2017,2000,12-Jan,Asymptomatic
BK1039,11-Apr,P4,MID55,Gabon_Bakoumba,DayPNAS2017,2000,12-Jan,Asymptomatic
BK590,11-Apr,P2,MID34,Gabon_Bakoumba,DayPNAS2017,2000,12-Jan,Asymptomatic
BK46,11-Apr,P3,MID02,Gabon_Bakoumba,DayPNAS2017,2000,12-Jan,Asymptomatic
BK199,11-Apr,P2,MID07,Gabon_Bakoumba,DayPNAS2017,2000,12-Jan,Asymptomatic
BK451,11-Apr,P2,MID22,Gabon_Bakoumba,DayPNAS2017,2000,12-Jan,Asymptomatic
BK585,11-Apr,P3,MID28,Gabon_Bakoumba,DayPNAS2017,2000,12-Jan,Asymptomatic
BK1313,11-Apr,P2,MID01,Gabon_Bakoumba,DayPNAS2017,2000,12-Jan,Asymptomatic
BK204,11-Apr,P1,MID08,Gabon_Bakoumba,DayPNAS2017,2000,12-Jan,Asymptomatic
BK204,11-Sep,P2,MID8,Gabon_Bakoumba,DayPNAS2017,2000,12-Jan,Asymptomatic
BK407,11-Sep,P4,MID19,Gabon_Bakoumba,DayPNAS2017,2000,12-Jan,Asymptomatic
BK57,11-Sep,P4,MID3,Gabon_Bakoumba,DayPNAS2017,2000,12-Jan,Asymptomatic
BK379,11-Sep,P3,MID16,Gabon_Bakoumba,DayPNAS2017,2000,12-Jan,Asymptomatic
BK199,11-Sep,P4,MID7,Gabon_Bakoumba,DayPNAS2017,2000,12-Jan,Asymptomatic
BK209,11-Sep,P3,MID8,Gabon_Bakoumba,DayPNAS2017,2000,12-Jan,Asymptomatic
BK362,11-Sep,P4,MID14,Gabon_Bakoumba,DayPNAS2017,2000,12-Jan,Asymptomatic
BK258,11-Sep,P2,MID10,Gabon_Bakoumba,DayPNAS2017,2000,12-Jan,Asymptomatic
BK271,11-Sep,P4,MID10,Gabon_Bakoumba,DayPNAS2017,2000,12-Jan,Asymptomatic
BK1202,11-Sep,P4,MID61,Gabon_Bakoumba,DayPNAS2017,2000,12-Jan,Asymptomatic
BK105,11-Sep,P4,MID4,Gabon_Bakoumba,DayPNAS2017,2000,12-Jan,Asymptomatic
BK269,11-Sep,P3,MID10,Gabon_Bakoumba,DayPNAS2017,2000,12-Jan,Asymptomatic
BK186,11-Sep,P3,MID7,Gabon_Bakoumba,DayPNAS2017,2000,12-Jan,Asymptomatic
BK1064,11-Sep,P4,MID60,Gabon_Bakoumba,DayPNAS2017,2000,12-Jan,Asymptomatic
BK380,11-Sep,P4,MID16,Gabon_Bakoumba,DayPNAS2017,2000,12-Jan,Asymptomatic
BK30,11-Sep,P1,MID5,Gabon_Bakoumba,DayPNAS2017,2000,12-Jan,Asymptomatic
BK227,11-Sep,P4,MID8,Gabon_Bakoumba,DayPNAS2017,2000,12-Jan,Asymptomatic
MRS0357,13-Apr,P1,MID25-25,Ghana_Soe,Rorick2017,2012,All,Asymptomatic
MRS0373,13-Apr,P1,MID25-26,Ghana_Soe,Rorick2017,2012,All,Asymptomatic
MRS0503,13-Apr,P2,MID33-34,Ghana_Soe,Rorick2017,2012,All,Asymptomatic
MRS0541,13-Apr,P2,MID34-36,Ghana_Soe,Rorick2017,2012,All,Asymptomatic
MRS0546,13-Apr,P2,MID35-35,Ghana_Soe,Rorick2017,2012,All,Asymptomatic
MRS0433,13-Apr,P1,MID29-30,Ghana_Soe,Rorick2017,2012,All,Asymptomatic
MRS0390,13-Apr,P2,MID26-27,Ghana_Soe,Rorick2017,2012,All,Asymptomatic
MRS0431,13-Apr,P2,MID29-29,Ghana_Soe,Rorick2017,2012,All,Asymptomatic
MRS0521,13-Apr,P2,MID34-34,Ghana_Soe,Rorick2017,2012,All,Asymptomatic
MRS0556,13-Apr,P2,MID35-37,Ghana_Soe,Rorick2017,2012,All,Asymptomatic
MRS0555,13-Apr,P1,MID35-37,Ghana_Soe,Rorick2017,2012,All,Asymptomatic
MRS0421,13-Apr,P1,MID28-28,Ghana_Soe,Rorick2017,2012,All,Asymptomatic
MRS0457,13-Apr,P1,MID31-31,Ghana_Soe,Rorick2017,2012,All,Asymptomatic
MRS0484,13-Apr,P2,MID32-32,Ghana_Soe,Rorick2017,2012,All,Asymptomatic
MRS0377,13-Apr,P2,MID25-26,Ghana_Soe,Rorick2017,2012,All,Asymptomatic
MRS0379,13-Apr,P2,MID25-27,Ghana_Soe,Rorick2017,2012,All,Asymptomatic
MRS0395,13-Apr,P1,MID27-27,Ghana_Soe,Rorick2017,2012,All,Asymptomatic
MRS0405,13-Apr,P2,MID27-28,Ghana_Soe,Rorick2017,2012,All,Asymptomatic
MRS0469,13-Apr,P1,MID31-32,Ghana_Soe,Rorick2017,2012,All,Asymptomatic
MRS0471,13-Apr,P2,MID31-32,Ghana_Soe,Rorick2017,2012,All,Asymptomatic
MRS0453,13-Apr,P2,MID30-32,Ghana_Soe,Rorick2017,2012,All,Asymptomatic
MRS0552,13-Apr,P1,MID35-36,Ghana_Soe,Rorick2017,2012,All,Asymptomatic
MRS0429,13-Apr,P2,MID28-30,Ghana_Soe,Rorick2017,2012,All,Asymptomatic
MRS0403,13-Apr,P2,MID27-27,Ghana_Soe,Rorick2017,2012,All,Asymptomatic
MRS0430,13-Apr,P1,MID29-29,Ghana_Soe,Rorick2017,2012,All,Asymptomatic
MRS0425,13-Apr,P1,MID28-29,Ghana_Soe,Rorick2017,2012,All,Asymptomatic
MRS0436,13-Apr,P2,MID29-30,Ghana_Soe,Rorick2017,2012,All,Asymptomatic
MRS0502,13-Apr,P1,MID33-34,Ghana_Soe,Rorick2017,2012,All,Asymptomatic
MRS0404,13-Apr,P1,MID27-28,Ghana_Soe,Rorick2017,2012,All,Asymptomatic
MRS0426,13-Apr,P2,MID28-29,Ghana_Soe,Rorick2017,2012,All,Asymptomatic
MRS0506,13-Apr,P2,MID33-35,Ghana_Soe,Rorick2017,2012,All,Asymptomatic
MRS0427,13-Apr,P1,MID28-30,Ghana_Soe,Rorick2017,2012,All,Asymptomatic
MRS0465,13-Apr,P2,MID31-31,Ghana_Soe,Rorick2017,2012,All,Asymptomatic
MRS0476,13-Apr,P2,MID31-33,Ghana_Soe,Rorick2017,2012,All,Asymptomatic
MRS0480,13-Apr,P1,MID32-32,Ghana_Soe,Rorick2017,2012,All,Asymptomatic
MRS0412,13-Apr,P2,MID27-29,Ghana_Soe,Rorick2017,2012,All,Asymptomatic
MRS0488,13-Apr,P1,MID32-34,Ghana_Soe,Rorick2017,2012,All,Asymptomatic
MRS0440,13-Apr,P2,MID29-31,Ghana_Soe,Rorick2017,2012,All,Asymptomatic
MRS0389,13-Apr,P1,MID26-27,Ghana_Soe,Rorick2017,2012,All,Asymptomatic
MRS0393,13-Apr,P1,MID26-28,Ghana_Soe,Rorick2017,2012,All,Asymptomatic
MRS0409,13-Apr,P1,MID27-29,Ghana_Soe,Rorick2017,2012,All,Asymptomatic
MRS0394,13-Apr,P2,MID26-28,Ghana_Soe,Rorick2017,2012,All,Asymptomatic
MRS0444,13-Apr,P2,MID30-30,Ghana_Soe,Rorick2017,2012,All,Asymptomatic
MRS0497,13-Apr,P2,MID33-33,Ghana_Soe,Rorick2017,2012,All,Asymptomatic
MRS0486,13-Apr,P2,MID32-33,Ghana_Soe,Rorick2017,2012,All,Asymptomatic
MRS0544,13-Apr,P1,MID35-35,Ghana_Soe,Rorick2017,2012,All,Asymptomatic
MRS0493,13-Apr,P1,MID33-33,Ghana_Soe,Rorick2017,2012,All,Asymptomatic
MRS0384,13-Apr,P1,MID26-26,Ghana_Soe,Rorick2017,2012,All,Asymptomatic
MRS0491,13-Apr,P2,MID32-34,Ghana_Soe,Rorick2017,2012,All,Asymptomatic
MRS0449,13-Apr,P1,MID30-31,Ghana_Soe,Rorick2017,2012,All,Asymptomatic
MRS0423,13-Apr,P2,MID28-28,Ghana_Soe,Rorick2017,2012,All,Asymptomatic
MRS0512,13-Apr,P1,MID34-34,Ghana_Soe,Rorick2017,2012,All,Asymptomatic
MRS0540,13-Apr,P1,MID34-36,Ghana_Soe,Rorick2017,2012,All,Asymptomatic
MRS0442,13-Apr,P1,MID30-30,Ghana_Soe,Rorick2017,2012,All,Asymptomatic
MRS0438,13-Apr,P1,MID29-31,Ghana_Soe,Rorick2017,2012,All,Asymptomatic
MRS0378,13-Apr,P1,MID25-27,Ghana_Soe,Rorick2017,2012,All,Asymptomatic
MRS0386,13-Apr,P2,MID26-26,Ghana_Soe,Rorick2017,2012,All,Asymptomatic
MRS0532,13-Apr,P1,MID34-35,Ghana_Soe,Rorick2017,2012,All,Asymptomatic
MRS0676,13-Aug,P2,MID15-15,Ghana_Soe,Rorick2017,2012,All,Asymptomatic
MRS0673,13-Aug,P1,MID15-15,Ghana_Soe,Rorick2017,2012,All,Asymptomatic
MRS0357,13-Aug,P1,MID15-16,Ghana_Soe,Rorick2017,2012,All,Asymptomatic
MRS0631,13-May,P2,MID40-40,Ghana_Soe,Rorick2017,2012,All,Asymptomatic
MRS0663,13-May,P2,MID41-43,Ghana_Soe,Rorick2017,2012,All,Asymptomatic
MRS0575,13-May,P1,MID36-37,Ghana_Soe,Rorick2017,2012,All,Asymptomatic
MRS0595,13-May,P1,MID38-39,Ghana_Soe,Rorick2017,2012,All,Asymptomatic
MRS0630,13-May,P1,MID40-40,Ghana_Soe,Rorick2017,2012,All,Asymptomatic
MRS0686,13-May,P1,MID43-45,Ghana_Soe,Rorick2017,2012,All,Asymptomatic
MRS0658,13-May,P1,MID41-42,Ghana_Soe,Rorick2017,2012,All,Asymptomatic
MRS0600,13-May,P2,MID38-40,Ghana_Soe,Rorick2017,2012,All,Asymptomatic
MRS0667,13-May,P2,MID42-42,Ghana_Soe,Rorick2017,2012,All,Asymptomatic
MRS0608,13-May,P1,MID39-39,Ghana_Soe,Rorick2017,2012,All,Asymptomatic
MRS0705,13-May,P2,MID44-46,Ghana_Soe,Rorick2017,2012,All,Asymptomatic
MRS0695,13-May,P2,MID44-45,Ghana_Soe,Rorick2017,2012,All,Asymptomatic
MRS0597,13-May,P1,MID38-40,Ghana_Soe,Rorick2017,2012,All,Asymptomatic
MRS0612,13-May,P2,MID39-39,Ghana_Soe,Rorick2017,2012,All,Asymptomatic
MRS0662,13-May,P1,MID41-43,Ghana_Soe,Rorick2017,2012,All,Asymptomatic
MRS0683,13-May,P2,MID43-44,Ghana_Soe,Rorick2017,2012,All,Asymptomatic
MRS0594,13-May,P2,MID38-38,Ghana_Soe,Rorick2017,2012,All,Asymptomatic
MRS0710,13-May,P2,MID45-45,Ghana_Soe,Rorick2017,2012,All,Asymptomatic
MRS0566,13-May,P2,MID36-36,Ghana_Soe,Rorick2017,2012,All,Asymptomatic
MRS0680,13-May,P1,MID43-44,Ghana_Soe,Rorick2017,2012,All,Asymptomatic
MRS0565,13-May,P1,MID36-36,Ghana_Soe,Rorick2017,2012,All,Asymptomatic
MRS0715,13-May,P1,MID45-47,Ghana_Soe,Rorick2017,2012,All,Asymptomatic
MRS0614,13-May,P1,MID39-40,Ghana_Soe,Rorick2017,2012,All,Asymptomatic
MRS0690,13-May,P2,MID44-44,Ghana_Soe,Rorick2017,2012,All,Asymptomatic
MRS0713,13-May,P2,MID45-46,Ghana_Soe,Rorick2017,2012,All,Asymptomatic
MRS0635,13-May,P2,MID40-41,Ghana_Soe,Rorick2017,2012,All,Asymptomatic
MRS0687,13-May,P2,MID43-45,Ghana_Soe,Rorick2017,2012,All,Asymptomatic
MRS0719,13-May,P1,MID46-46,Ghana_Soe,Rorick2017,2012,All,Asymptomatic
MRS0592,13-May,P2,MID37-39,Ghana_Soe,Rorick2017,2012,All,Asymptomatic
MRS0634,13-May,P1,MID40-41,Ghana_Soe,Rorick2017,2012,All,Asymptomatic
MRS0717,13-May,P2,MID45-47,Ghana_Soe,Rorick2017,2012,All,Asymptomatic
MRS0593,13-May,P1,MID38-38,Ghana_Soe,Rorick2017,2012,All,Asymptomatic
MRS0712,13-May,P1,MID45-46,Ghana_Soe,Rorick2017,2012,All,Asymptomatic
MRS0722,13-May,P2,MID46-46,Ghana_Soe,Rorick2017,2012,All,Asymptomatic
MRS0664,13-May,P1,MID42-42,Ghana_Soe,Rorick2017,2012,All,Asymptomatic
MRS0622,13-May,P2,MID39-41,Ghana_Soe,Rorick2017,2012,All,Asymptomatic
MRS0645,13-May,P1,MID40-42,Ghana_Soe,Rorick2017,2012,All,Asymptomatic
MRS0615,13-May,P2,MID39-40,Ghana_Soe,Rorick2017,2012,All,Asymptomatic
MRS0616,13-May,P1,MID39-41,Ghana_Soe,Rorick2017,2012,All,Asymptomatic
MRS0654,13-May,P2,MID41-41,Ghana_Soe,Rorick2017,2012,All,Asymptomatic
MRS0691,13-May,P1,MID44-45,Ghana_Soe,Rorick2017,2012,All,Asymptomatic
MRS0688,13-May,P1,MID44-44,Ghana_Soe,Rorick2017,2012,All,Asymptomatic
MRS0696,13-May,P1,MID44-46,Ghana_Soe,Rorick2017,2012,All,Asymptomatic
MRS0706,13-May,P1,MID45-45,Ghana_Soe,Rorick2017,2012,All,Asymptomatic
MRS0668,13-May,P1,MID42-43,Ghana_Soe,Rorick2017,2012,All,Asymptomatic
MRS0660,13-May,P2,MID41-42,Ghana_Soe,Rorick2017,2012,All,Asymptomatic
MRS0669,13-May,P2,MID42-43,Ghana_Soe,Rorick2017,2012,All,Asymptomatic
MRS0652,13-May,P2,MID40-42,Ghana_Soe,Rorick2017,2012,All,Asymptomatic
MRS0108,13-Apr,P2,MID08-08,Ghana_VeaGowrie,Rorick2017,2012,All,Asymptomatic
MRS0018,13-Apr,P2,MID02-03,Ghana_VeaGowrie,Rorick2017,2012,All,Asymptomatic
MRS0240,13-Apr,P1,MID19-21,Ghana_VeaGowrie,Rorick2017,2012,All,Asymptomatic
MRS0161,13-Apr,P2,MID13-14,Ghana_VeaGowrie,Rorick2017,2012,All,Asymptomatic
MRS0222,13-Apr,P1,MID18-18,Ghana_VeaGowrie,Rorick2017,2012,All,Asymptomatic
MRS0224,13-Apr,P1,MID18-19,Ghana_VeaGowrie,Rorick2017,2012,All,Asymptomatic
MRS0191,13-Apr,P1,MID15-18,Ghana_VeaGowrie,Rorick2017,2012,All,Asymptomatic
MRS0065,13-Apr,P2,MID04-06,Ghana_VeaGowrie,Rorick2017,2012,All,Asymptomatic
MRS0150,13-Apr,P1,MID13-13,Ghana_VeaGowrie,Rorick2017,2012,All,Asymptomatic
MRS0344,13-Apr,P1,MID24-24,Ghana_VeaGowrie,Rorick2017,2012,All,Asymptomatic
MRS0290,13-Apr,P2,MID21-23,Ghana_VeaGowrie,Rorick2017,2012,All,Asymptomatic
MRS0051,13-Apr,P1,MID04-05,Ghana_VeaGowrie,Rorick2017,2012,All,Asymptomatic
MRS0247,13-Apr,P1,MID20-20,Ghana_VeaGowrie,Rorick2017,2012,All,Asymptomatic
MRS0302,13-Apr,P2,MID22-24,Ghana_VeaGowrie,Rorick2017,2012,All,Asymptomatic
MRS0013,13-Apr,P2,MID02-02,Ghana_VeaGowrie,Rorick2017,2012,All,Asymptomatic
MRS0236,13-Apr,P2,MID19-19,Ghana_VeaGowrie,Rorick2017,2012,All,Asymptomatic
MRS0104,13-Apr,P2,MID07-10,Ghana_VeaGowrie,Rorick2017,2012,All,Asymptomatic
MRS0231,13-Apr,P2,MID18-20,Ghana_VeaGowrie,Rorick2017,2012,All,Asymptomatic
MRS0079,13-Apr,P2,MID05-07,Ghana_VeaGowrie,Rorick2017,2012,All,Asymptomatic
MRS0093,13-Apr,P2,MID07-07,Ghana_VeaGowrie,Rorick2017,2012,All,Asymptomatic
MRS0113,13-Apr,P1,MID08-11,Ghana_VeaGowrie,Rorick2017,2012,All,Asymptomatic
MRS0129,13-Apr,P1,MID10-11,Ghana_VeaGowrie,Rorick2017,2012,All,Asymptomatic
MRS0040,13-Apr,P2,MID03-04,Ghana_VeaGowrie,Rorick2017,2012,All,Asymptomatic
MRS0239,13-Apr,P2,MID19-20,Ghana_VeaGowrie,Rorick2017,2012,All,Asymptomatic
MRS0178,13-Apr,P1,MID14-15,Ghana_VeaGowrie,Rorick2017,2012,All,Asymptomatic
MRS0184,13-Apr,P2,MID15-16,Ghana_VeaGowrie,Rorick2017,2012,All,Asymptomatic
MRS0235,13-Apr,P1,MID19-19,Ghana_VeaGowrie,Rorick2017,2012,All,Asymptomatic
MRS0034,13-Apr,P2,MID03-03,Ghana_VeaGowrie,Rorick2017,2012,All,Asymptomatic
MRS0077,13-Apr,P1,MID05-07,Ghana_VeaGowrie,Rorick2017,2012,All,Asymptomatic
MRS0062,13-Apr,P2,MID04-05,Ghana_VeaGowrie,Rorick2017,2012,All,Asymptomatic
MRS0007,13-Apr,P2,MID01-03,Ghana_VeaGowrie,Rorick2017,2012,All,Asymptomatic
MRS0354,13-Apr,P2,MID24-26,Ghana_VeaGowrie,Rorick2017,2012,All,Asymptomatic
MRS0098,13-Apr,P1,MID07-08,Ghana_VeaGowrie,Rorick2017,2012,All,Asymptomatic
MRS0304,13-Apr,P1,MID23-23,Ghana_VeaGowrie,Rorick2017,2012,All,Asymptomatic
MRS0318,13-Apr,P2,MID23-24,Ghana_VeaGowrie,Rorick2017,2012,All,Asymptomatic
MRS0121,13-Apr,P2,MID10-10,Ghana_VeaGowrie,Rorick2017,2012,All,Asymptomatic
MRS0182,13-Apr,P2,MID15-15,Ghana_VeaGowrie,Rorick2017,2012,All,Asymptomatic
MRS0092,13-Apr,P1,MID07-07,Ghana_VeaGowrie,Rorick2017,2012,All,Asymptomatic
MRS0223,13-Apr,P2,MID18-18,Ghana_VeaGowrie,Rorick2017,2012,All,Asymptomatic
MRS0207,13-Apr,P1,MID16-19,Ghana_VeaGowrie,Rorick2017,2012,All,Asymptomatic
MRS0088,13-Apr,P1,MID06-08,Ghana_VeaGowrie,Rorick2017,2012,All,Asymptomatic
MRS0148,13-Apr,P2,MID11-14,Ghana_VeaGowrie,Rorick2017,2012,All,Asymptomatic
MRS0042,13-Apr,P1,MID03-05,Ghana_VeaGowrie,Rorick2017,2012,All,Asymptomatic
MRS0027,13-Apr,P2,MID02-04,Ghana_VeaGowrie,Rorick2017,2012,All,Asymptomatic
MRS0255,13-Apr,P2,MID20-21,Ghana_VeaGowrie,Rorick2017,2012,All,Asymptomatic
MRS0258,13-Apr,P1,MID20-22,Ghana_VeaGowrie,Rorick2017,2012,All,Asymptomatic
MRS0045,13-Apr,P2,MID03-05,Ghana_VeaGowrie,Rorick2017,2012,All,Asymptomatic
MRS0037,13-Apr,P1,MID03-04,Ghana_VeaGowrie,Rorick2017,2012,All,Asymptomatic
MRS0143,13-Apr,P2,MID11-11,Ghana_VeaGowrie,Rorick2017,2012,All,Asymptomatic
MRS0179,13-Apr,P1,MID14-16,Ghana_VeaGowrie,Rorick2017,2012,All,Asymptomatic
MRS0167,13-Apr,P2,MID13-15,Ghana_VeaGowrie,Rorick2017,2012,All,Asymptomatic
MRS0307,13-Apr,P1,MID23-24,Ghana_VeaGowrie,Rorick2017,2012,All,Asymptomatic
MRS0004,13-Apr,P2,MID01-02,Ghana_VeaGowrie,Rorick2017,2012,All,Asymptomatic
MRS0279,13-Apr,P2,MID21-22,Ghana_VeaGowrie,Rorick2017,2012,All,Asymptomatic
MRS0089,13-Apr,P2,MID06-08,Ghana_VeaGowrie,Rorick2017,2012,All,Asymptomatic
MRS0320,13-Apr,P1,MID23-25,Ghana_VeaGowrie,Rorick2017,2012,All,Asymptomatic
MRS0254,13-Apr,P1,MID20-21,Ghana_VeaGowrie,Rorick2017,2012,All,Asymptomatic
MRS0109,13-Apr,P1,MID08-10,Ghana_VeaGowrie,Rorick2017,2012,All,Asymptomatic
MRS0110,13-Apr,P2,MID08-10,Ghana_VeaGowrie,Rorick2017,2012,All,Asymptomatic
MRS0118,13-Apr,P1,MID10-10,Ghana_VeaGowrie,Rorick2017,2012,All,Asymptomatic
MRS0262,13-Apr,P2,MID20-22,Ghana_VeaGowrie,Rorick2017,2012,All,Asymptomatic
MRS0142,13-Apr,P1,MID11-11,Ghana_VeaGowrie,Rorick2017,2012,All,Asymptomatic
MRS0323,13-Apr,P2,MID23-25,Ghana_VeaGowrie,Rorick2017,2012,All,Asymptomatic
MRS0009,13-Apr,P1,MID02-02,Ghana_VeaGowrie,Rorick2017,2012,All,Asymptomatic
MRS0064,13-Apr,P1,MID04-06,Ghana_VeaGowrie,Rorick2017,2012,All,Asymptomatic
MRS0206,13-Apr,P2,MID16-18,Ghana_VeaGowrie,Rorick2017,2012,All,Asymptomatic
MRS0133,13-Apr,P2,MID10-11,Ghana_VeaGowrie,Rorick2017,2012,All,Asymptomatic
MRS0230,13-Apr,P1,MID18-20,Ghana_VeaGowrie,Rorick2017,2012,All,Asymptomatic
MRS0196,13-Apr,P1,MID16-18,Ghana_VeaGowrie,Rorick2017,2012,All,Asymptomatic
MRS0345,13-Apr,P2,MID24-24,Ghana_VeaGowrie,Rorick2017,2012,All,Asymptomatic
MRS0073,13-Apr,P1,MID05-06,Ghana_VeaGowrie,Rorick2017,2012,All,Asymptomatic
MRS0066,13-Apr,P1,MID05-05,Ghana_VeaGowrie,Rorick2017,2012,All,Asymptomatic
MRS0276,13-Apr,P1,MID21-22,Ghana_VeaGowrie,Rorick2017,2012,All,Asymptomatic
MRS0352,13-Apr,P1,MID24-26,Ghana_VeaGowrie,Rorick2017,2012,All,Asymptomatic
MRS0014,13-Apr,P1,MID02-03,Ghana_VeaGowrie,Rorick2017,2012,All,Asymptomatic
MRS0180,13-Apr,P2,MID14-16,Ghana_VeaGowrie,Rorick2017,2012,All,Asymptomatic
MRS0169,13-Apr,P2,MID14-14,Ghana_VeaGowrie,Rorick2017,2012,All,Asymptomatic
MRS0346,13-Apr,P1,MID24-25,Ghana_VeaGowrie,Rorick2017,2012,All,Asymptomatic
MRS0163,13-Apr,P1,MID13-15,Ghana_VeaGowrie,Rorick2017,2012,All,Asymptomatic
MRS0301,13-Apr,P1,MID22-24,Ghana_VeaGowrie,Rorick2017,2012,All,Asymptomatic
MRS0050,13-Apr,P2,MID04-04,Ghana_VeaGowrie,Rorick2017,2012,All,Asymptomatic
MRS0138,13-Apr,P2,MID10-13,Ghana_VeaGowrie,Rorick2017,2012,All,Asymptomatic
MRS0293,13-Apr,P2,MID22-22,Ghana_VeaGowrie,Rorick2017,2012,All,Asymptomatic
MRS0242,13-Apr,P2,MID19-21,Ghana_VeaGowrie,Rorick2017,2012,All,Asymptomatic
MRS0084,13-Apr,P1,MID06-07,Ghana_VeaGowrie,Rorick2017,2012,All,Asymptomatic
MRS0267,13-Apr,P2,MID21-21,Ghana_VeaGowrie,Rorick2017,2012,All,Asymptomatic
MRS0031,13-Apr,P1,MID03-03,Ghana_VeaGowrie,Rorick2017,2012,All,Asymptomatic
MRS0002,13-Apr,P1,MID01-01,Ghana_VeaGowrie,Rorick2017,2012,All,Asymptomatic
MRS0135,13-Apr,P1,MID10-13,Ghana_VeaGowrie,Rorick2017,2012,All,Asymptomatic
MRS0294,13-Apr,P1,MID22-23,Ghana_VeaGowrie,Rorick2017,2012,All,Asymptomatic
MRS0020,13-Apr,P1,MID02-04,Ghana_VeaGowrie,Rorick2017,2012,All,Asymptomatic
MRS0081,13-Apr,P2,MID06-06,Ghana_VeaGowrie,Rorick2017,2012,All,Asymptomatic
MRS0181,13-Apr,P1,MID15-15,Ghana_VeaGowrie,Rorick2017,2012,All,Asymptomatic
MRS0194,13-Apr,P2,MID16-16,Ghana_VeaGowrie,Rorick2017,2012,All,Asymptomatic
MRS0208,13-Apr,P2,MID16-19,Ghana_VeaGowrie,Rorick2017,2012,All,Asymptomatic
MRS0193,13-Apr,P1,MID16-16,Ghana_VeaGowrie,Rorick2017,2012,All,Asymptomatic
MRS0347,13-Apr,P2,MID24-25,Ghana_VeaGowrie,Rorick2017,2012,All,Asymptomatic
MRS0151,13-Apr,P2,MID13-13,Ghana_VeaGowrie,Rorick2017,2012,All,Asymptomatic
MRS0280,13-Apr,P1,MID21-23,Ghana_VeaGowrie,Rorick2017,2012,All,Asymptomatic
MRS0226,13-Apr,P2,MID18-19,Ghana_VeaGowrie,Rorick2017,2012,All,Asymptomatic
MRS0100,13-Apr,P2,MID07-08,Ghana_VeaGowrie,Rorick2017,2012,All,Asymptomatic
MRS0264,13-Apr,P1,MID21-21,Ghana_VeaGowrie,Rorick2017,2012,All,Asymptomatic
MRS0183,13-Apr,P1,MID15-16,Ghana_VeaGowrie,Rorick2017,2012,All,Asymptomatic
MRS0328,13-Jul,P2,MID34-36,Ghana_VeaGowrie,Rorick2017,2012,All,Asymptomatic
MRS0332,13-Jul,P1,MID35-36,Ghana_VeaGowrie,Rorick2017,2012,All,Asymptomatic
MRS0260,13-Jul,P2,MID34-34,Ghana_VeaGowrie,Rorick2017,2012,All,Asymptomatic
MRS0005,13-Jul,P2,MID33-35,Ghana_VeaGowrie,Rorick2017,2012,All,Asymptomatic
MRS0337,13-Jul,P1,MID39-39,Ghana_VeaGowrie,Rorick2017,2012,All,Asymptomatic
MRS0334,13-Jul,P2,MID35-36,Ghana_VeaGowrie,Rorick2017,2012,All,Asymptomatic
MRS0324,13-Jul,P1,MID34-35,Ghana_VeaGowrie,Rorick2017,2012,All,Asymptomatic
MRS0331,13-Jul,P2,MID35-35,Ghana_VeaGowrie,Rorick2017,2012,All,Asymptomatic
MRS0325,13-Jul,P2,MID34-35,Ghana_VeaGowrie,Rorick2017,2012,All,Asymptomatic
MRS0329,13-Jul,P1,MID35-35,Ghana_VeaGowrie,Rorick2017,2012,All,Asymptomatic
MRS0338,13-Jul,P2,MID39-39,Ghana_VeaGowrie,Rorick2017,2012,All,Asymptomatic
MRS0327,13-Jul,P1,MID34-36,Ghana_VeaGowrie,Rorick2017,2012,All,Asymptomatic
MRS0204,13-Jul,P1,MID34-34,Ghana_VeaGowrie,Rorick2017,2012,All,Asymptomatic
MRS0582,13-May,P1,MID37-37,Ghana_VeaGowrie,Rorick2017,2012,All,Asymptomatic
MRS0584,13-May,P2,MID37-37,Ghana_VeaGowrie,Rorick2017,2012,All,Asymptomatic
MRS0581,13-May,P2,MID36-38,Ghana_VeaGowrie,Rorick2017,2012,All,Asymptomatic
MRS0590,13-May,P1,MID37-39,Ghana_VeaGowrie,Rorick2017,2012,All,Asymptomatic
MRS0586,13-May,P1,MID37-38,Ghana_VeaGowrie,Rorick2017,2012,All,Asymptomatic
MRS0587,13-May,P2,MID37-38,Ghana_VeaGowrie,Rorick2017,2012,All,Asymptomatic
HB3,11-Apr,P3,MID57,HB3,current,NA,NA,Lab_isolates
HB3,13-Apr,P2,MID46-48,HB3,current,NA,NA,Lab_isolates
HB3,13-Aug,P1,MID16-16,HB3,current,NA,NA,Lab_isolates
HB3,13-Jul,P1,MID39-41,HB3,current,NA,NA,Lab_isolates
HB3,13-Mar,P2,MID55,HB3,current,NA,NA,Lab_isolates
HB3,13-May,P1,MID8-10,HB3,current,NA,NA,Lab_isolates
HB3,11-Sep,P4,MID58,HB3,current,NA,NA,Lab_isolates
HB3xDD2,13-Jul,P2,MID40-41,HB3xDD2,current,NA,NA,Lab_isolates
IR18,13-Mar,P3,MID10,Iran_SistanBaluchestan,Yalcindag,2000-2003,All,Uncomplicated
IR22,13-Mar,P1,MID10,Iran_SistanBaluchestan,Yalcindag,2000-2003,All,Uncomplicated
IR50,12-Oct,P2,MID6,Iran_SistanBaluchestan,Yalcindag,2000-2003,All,Uncomplicated
IR46,12-Oct,P3,MID5,Iran_SistanBaluchestan,Yalcindag,2000-2003,All,Uncomplicated
IR30,12-Oct,P4,MID3,Iran_SistanBaluchestan,Yalcindag,2000-2003,All,Uncomplicated
IR16,12-Oct,P4,MID8,Iran_SistanBaluchestan,Yalcindag,2000-2003,All,Uncomplicated
IR9,12-Oct,P2,MID2,Iran_SistanBaluchestan,Yalcindag,2000-2003,All,Uncomplicated
IR35,12-Oct,P4,MID13,Iran_SistanBaluchestan,Yalcindag,2000-2003,All,Uncomplicated
IR49,12-Oct,P1,MID6,Iran_SistanBaluchestan,Yalcindag,2000-2003,All,Uncomplicated
IR27,12-Oct,P3,MID3,Iran_SistanBaluchestan,Yalcindag,2000-2003,All,Uncomplicated
IR21,12-Oct,P4,MID2,Iran_SistanBaluchestan,Yalcindag,2000-2003,All,Uncomplicated
IR47,12-Oct,P4,MID5,Iran_SistanBaluchestan,Yalcindag,2000-2003,All,Uncomplicated
IR31,12-Oct,P1,MID4,Iran_SistanBaluchestan,Yalcindag,2000-2003,All,Uncomplicated
IR4,12-Oct,P2,MID1,Iran_SistanBaluchestan,Yalcindag,2000-2003,All,Uncomplicated
IR22,12-Oct,P4,MID10,Iran_SistanBaluchestan,Yalcindag,2000-2003,All,Uncomplicated
IR14,12-Oct,P2,MID8,Iran_SistanBaluchestan,Yalcindag,2000-2003,All,Uncomplicated
IR32,12-Oct,P1,MID13,Iran_SistanBaluchestan,Yalcindag,2000-2003,All,Uncomplicated
IR1,12-Oct,P3,MID6,Iran_SistanBaluchestan,Yalcindag,2000-2003,All,Uncomplicated
IR36,12-Oct,P1,MID14,Iran_SistanBaluchestan,Yalcindag,2000-2003,All,Uncomplicated
IR11,12-Oct,P3,MID7,Iran_SistanBaluchestan,Yalcindag,2000-2003,All,Uncomplicated
IR18,12-Oct,P2,MID10,Iran_SistanBaluchestan,Yalcindag,2000-2003,All,Uncomplicated
IR41,12-Oct,P4,MID14,Iran_SistanBaluchestan,Yalcindag,2000-2003,All,Uncomplicated
IR23,12-Oct,P1,MID3,Iran_SistanBaluchestan,Yalcindag,2000-2003,All,Uncomplicated
IR8,12-Oct,P1,MID2,Iran_SistanBaluchestan,Yalcindag,2000-2003,All,Uncomplicated
IR12,12-Oct,P4,MID7,Iran_SistanBaluchestan,Yalcindag,2000-2003,All,Uncomplicated
IR20,12-Oct,P3,MID10,Iran_SistanBaluchestan,Yalcindag,2000-2003,All,Uncomplicated
IR2,12-Oct,P1,MID1,Iran_SistanBaluchestan,Yalcindag,2000-2003,All,Uncomplicated
IR6,12-Oct,P4,MID1,Iran_SistanBaluchestan,Yalcindag,2000-2003,All,Uncomplicated
IR42,12-Oct,P4,MID4,Iran_SistanBaluchestan,Yalcindag,2000-2003,All,Uncomplicated
IR19,12-Oct,P3,MID2,Iran_SistanBaluchestan,Yalcindag,2000-2003,All,Uncomplicated
IR37,12-Oct,P2,MID4,Iran_SistanBaluchestan,Yalcindag,2000-2003,All,Uncomplicated
IR7,12-Oct,P1,MID7,Iran_SistanBaluchestan,Yalcindag,2000-2003,All,Uncomplicated
IR23,12-Oct,P3,MID11,Iran_SistanBaluchestan,Yalcindag,2000-2003,All,Uncomplicated
IR39,12-Oct,P3,MID14,Iran_SistanBaluchestan,Yalcindag,2000-2003,All,Uncomplicated
IR33,12-Oct,P2,MID13,Iran_SistanBaluchestan,Yalcindag,2000-2003,All,Uncomplicated
IR38,12-Oct,P2,MID14,Iran_SistanBaluchestan,Yalcindag,2000-2003,All,Uncomplicated
IR5,12-Oct,P3,MID1,Iran_SistanBaluchestan,Yalcindag,2000-2003,All,Uncomplicated
IR34,12-Oct,P3,MID13,Iran_SistanBaluchestan,Yalcindag,2000-2003,All,Uncomplicated
IR17,12-Oct,P1,MID10,Iran_SistanBaluchestan,Yalcindag,2000-2003,All,Uncomplicated
IR24,12-Oct,P2,MID3,Iran_SistanBaluchestan,Yalcindag,2000-2003,All,Uncomplicated
IR45,12-Oct,P2,MID5,Iran_SistanBaluchestan,Yalcindag,2000-2003,All,Uncomplicated
IR48,12-Oct,P2,MID15,Iran_SistanBaluchestan,Yalcindag,2000-2003,All,Uncomplicated
IR3,12-Oct,P4,MID6,Iran_SistanBaluchestan,Yalcindag,2000-2003,All,Uncomplicated
IR40,12-Oct,P3,MID4,Iran_SistanBaluchestan,Yalcindag,2000-2003,All,Uncomplicated
IR26,12-Oct,P2,MID11,Iran_SistanBaluchestan,Yalcindag,2000-2003,All,Uncomplicated
IR13,12-Oct,P1,MID8,Iran_SistanBaluchestan,Yalcindag,2000-2003,All,Uncomplicated
IR19,12-Oct,P2,MID7,Iran_SistanBaluchestan,Yalcindag,2000-2003,All,Uncomplicated
IR43,12-Oct,P1,MID5,Iran_SistanBaluchestan,Yalcindag,2000-2003,All,Uncomplicated
IR25,12-Oct,P1,MID11,Iran_SistanBaluchestan,Yalcindag,2000-2003,All,Uncomplicated
253,11-Sep,P4,MID22,Peru,,,,Asymptomatic
8973,11-Sep,P3,MID27,Peru,,,,Asymptomatic
2329,11-Sep,P4,MID23,Peru,,,,Asymptomatic
2828,11-Sep,P4,MID24,Peru,,,,Asymptomatic
MZ1189,11-Sep,P4,MID29,Peru,,,,Asymptomatic
7029,11-Sep,P4,MID28,Peru,,,,Asymptomatic
MZ1179,11-Sep,P3,MID28,Peru,,,,Asymptomatic
MZ1185,11-Sep,P3,MID29,Peru,,,,Asymptomatic
9007,11-Sep,P4,MID27,Peru,,,,Asymptomatic
MZ193,11-Sep,P4,MID57,Peru,,,,Asymptomatic
8083,11-Sep,P4,MID26,Peru,,,,Asymptomatic
1580,11-Sep,P3,MID23,Peru,,,,Asymptomatic
3802,11-Sep,P4,MID25,Peru,,,,Asymptomatic
P6,11-Sep,P1,MID39,Peru_Iquitos,Grande,2003-2005,All,Uncomplicated
P38,11-Sep,P2,MID45,Peru_Iquitos,Grande,2003-2005,All,Uncomplicated
P55,11-Sep,P2,MID48,Peru_Iquitos,Grande,2003-2005,All,Uncomplicated
P22,11-Sep,P2,MID42,Peru_Iquitos,Grande,2003-2005,All,Uncomplicated
P32,11-Sep,P1,MID44,Peru_Iquitos,Grande,2003-2005,All,Uncomplicated
P14,11-Sep,P1,MID41,Peru_Iquitos,Grande,2003-2005,All,Uncomplicated
P24,11-Sep,P3,MID42,Peru_Iquitos,Grande,2003-2005,All,Uncomplicated
P59,11-Sep,P4,MID49,Peru_Iquitos,Grande,2003-2005,All,Uncomplicated
P65,11-Sep,P3,MID50,Peru_Iquitos,Grande,2003-2005,All,Uncomplicated
P19,11-Sep,P1,MID42,Peru_Iquitos,Grande,2003-2005,All,Uncomplicated
P27,11-Sep,P1,MID43,Peru_Iquitos,Grande,2003-2005,All,Uncomplicated
P18,11-Sep,P3,MID41,Peru_Iquitos,Grande,2003-2005,All,Uncomplicated
P16,11-Sep,P2,MID41,Peru_Iquitos,Grande,2003-2005,All,Uncomplicated
P25,11-Sep,P4,MID42,Peru_Iquitos,Grande,2003-2005,All,Uncomplicated
P46,11-Sep,P3,MID46,Peru_Iquitos,Grande,2003-2005,All,Uncomplicated
P57,11-Sep,P3,MID48,Peru_Iquitos,Grande,2003-2005,All,Uncomplicated
P58,11-Sep,P4,MID48,Peru_Iquitos,Grande,2003-2005,All,Uncomplicated
P45,11-Sep,P2,MID46,Peru_Iquitos,Grande,2003-2005,All,Uncomplicated
P39,11-Sep,P3,MID45,Peru_Iquitos,Grande,2003-2005,All,Uncomplicated
P64,11-Sep,P2,MID50,Peru_Iquitos,Grande,2003-2005,All,Uncomplicated
P9,11-Sep,P1,MID40,Peru_Iquitos,Grande,2003-2005,All,Uncomplicated
MUG24,NA,NA,NA,PNG_Mugil,tessema,2006,All,Asymptomatic
MUG25,NA,NA,NA,PNG_Mugil,tessema,2006,All,Asymptomatic
MUG26,NA,NA,NA,PNG_Mugil,tessema,2006,All,Asymptomatic
MUG27,NA,NA,NA,PNG_Mugil,tessema,2006,All,Asymptomatic
MUG28,NA,NA,NA,PNG_Mugil,tessema,2006,All,Asymptomatic
MUG29,NA,NA,NA,PNG_Mugil,tessema,2006,All,Asymptomatic
MUG30,NA,NA,NA,PNG_Mugil,tessema,2006,All,Asymptomatic
MUG31,NA,NA,NA,PNG_Mugil,tessema,2006,All,Asymptomatic
MUG32,NA,NA,NA,PNG_Mugil,tessema,2006,All,Asymptomatic
MUG33,NA,NA,NA,PNG_Mugil,tessema,2006,All,Asymptomatic
MUG34,NA,NA,NA,PNG_Mugil,tessema,2006,All,Asymptomatic
MUG35,NA,NA,NA,PNG_Mugil,tessema,2006,All,Asymptomatic
MUG7,NA,NA,NA,PNG_Mugil,tessema,2006,All,Asymptomatic
MUG1,NA,NA,NA,PNG_Mugil,tessema,2006,All,Asymptomatic
MUG10,NA,NA,NA,PNG_Mugil,tessema,2006,All,Asymptomatic
MUG6,NA,NA,NA,PNG_Mugil,tessema,2006,All,Asymptomatic
MUG8,NA,NA,NA,PNG_Mugil,tessema,2006,All,Asymptomatic
MUG2,NA,NA,NA,PNG_Mugil,tessema,2006,All,Asymptomatic
MUG4,NA,NA,NA,PNG_Mugil,tessema,2006,All,Asymptomatic
MUG3,NA,NA,NA,PNG_Mugil,tessema,2006,All,Asymptomatic
MUG9,NA,NA,NA,PNG_Mugil,tessema,2006,All,Asymptomatic
MUG5,NA,NA,NA,PNG_Mugil,tessema,2006,All,Asymptomatic
MUG11,NA,NA,NA,PNG_Mugil,tessema,2006,All,Asymptomatic
MUG12,NA,NA,NA,PNG_Mugil,tessema,2006,All,Asymptomatic
MUG13,NA,NA,NA,PNG_Mugil,tessema,2006,All,Asymptomatic
MUG14,NA,NA,NA,PNG_Mugil,tessema,2006,All,Asymptomatic
MUG15,NA,NA,NA,PNG_Mugil,tessema,2006,All,Asymptomatic
MUG16,NA,NA,NA,PNG_Mugil,tessema,2006,All,Asymptomatic
MUG17,NA,NA,NA,PNG_Mugil,tessema,2006,All,Asymptomatic
MUG18,NA,NA,NA,PNG_Mugil,tessema,2006,All,Asymptomatic
MUG19,NA,NA,NA,PNG_Mugil,tessema,2006,All,Asymptomatic
MUG20,NA,NA,NA,PNG_Mugil,tessema,2006,All,Asymptomatic
MUG21,NA,NA,NA,PNG_Mugil,tessema,2006,All,Asymptomatic
MUG22,NA,NA,NA,PNG_Mugil,tessema,2006,All,Asymptomatic
MUG23,NA,NA,NA,PNG_Mugil,tessema,2006,All,Asymptomatic
WOS18,NA,NA,NA,PNG_Wosera,tessema,2005,All,Asymptomatic
WOS19,NA,NA,NA,PNG_Wosera,tessema,2005,All,Asymptomatic
WOS20,NA,NA,NA,PNG_Wosera,tessema,2005,All,Asymptomatic
WOS22,NA,NA,NA,PNG_Wosera,tessema,2005,All,Asymptomatic
WOS23,NA,NA,NA,PNG_Wosera,tessema,2005,All,Asymptomatic
WOS24,NA,NA,NA,PNG_Wosera,tessema,2005,All,Asymptomatic
WOS25,NA,NA,NA,PNG_Wosera,tessema,2005,All,Asymptomatic
WOS26,NA,NA,NA,PNG_Wosera,tessema,2005,All,Asymptomatic
WOS27,NA,NA,NA,PNG_Wosera,tessema,2005,All,Asymptomatic
WOS28,NA,NA,NA,PNG_Wosera,tessema,2005,All,Asymptomatic
WOS1,NA,NA,NA,PNG_Wosera,tessema,2005,All,Asymptomatic
WOS2,NA,NA,NA,PNG_Wosera,tessema,2005,All,Asymptomatic
WOS8,NA,NA,NA,PNG_Wosera,tessema,2005,All,Asymptomatic
WOS9,NA,NA,NA,PNG_Wosera,tessema,2005,All,Asymptomatic
WOS10,NA,NA,NA,PNG_Wosera,tessema,2005,All,Asymptomatic
WOS11,NA,NA,NA,PNG_Wosera,tessema,2005,All,Asymptomatic
WOS12,NA,NA,NA,PNG_Wosera,tessema,2005,All,Asymptomatic
WOS13,NA,NA,NA,PNG_Wosera,tessema,2005,All,Asymptomatic
WOS14,NA,NA,NA,PNG_Wosera,tessema,2005,All,Asymptomatic
WOS15,NA,NA,NA,PNG_Wosera,tessema,2005,All,Asymptomatic
WOS16,NA,NA,NA,PNG_Wosera,tessema,2005,All,Asymptomatic
WOS17,NA,NA,NA,PNG_Wosera,tessema,2005,All,Asymptomatic
WOS21,NA,NA,NA,PNG_Wosera,tessema,2005,All,Asymptomatic
WOS29,NA,NA,NA,PNG_Wosera,tessema,2005,All,Asymptomatic
WOS30,NA,NA,NA,PNG_Wosera,tessema,2005,All,Asymptomatic
WOS31,NA,NA,NA,PNG_Wosera,tessema,2005,All,Asymptomatic
WOS32,NA,NA,NA,PNG_Wosera,tessema,2005,All,Asymptomatic
WOS33,NA,NA,NA,PNG_Wosera,tessema,2005,All,Asymptomatic
WOS3,NA,NA,NA,PNG_Wosera,tessema,2005,All,Asymptomatic
WOS4,NA,NA,NA,PNG_Wosera,tessema,2005,All,Asymptomatic
WOS5,NA,NA,NA,PNG_Wosera,tessema,2005,All,Asymptomatic
WOS6,NA,NA,NA,PNG_Wosera,tessema,2005,All,Asymptomatic
WOS7,NA,NA,NA,PNG_Wosera,tessema,2005,All,Asymptomatic
K118,13-Mar,P1,MID24,Thailand_Kanchanaburi,Pumpaibool,2006,All,Uncomplicated
K101,13-Mar,P1,MID23,Thailand_Kanchanaburi,Pumpaibool,2006,All,Uncomplicated
K127,12-Oct,P4,MID25,Thailand_Kanchanaburi,Pumpaibool,2006,All,Uncomplicated
K101,12-Oct,P3,MID23,Thailand_Kanchanaburi,Pumpaibool,2006,All,Uncomplicated
K92,12-Oct,P1,MID23,Thailand_Kanchanaburi,Pumpaibool,2006,All,Uncomplicated
K119,12-Oct,P2,MID25,Thailand_Kanchanaburi,Pumpaibool,2006,All,Uncomplicated
K126,12-Oct,P3,MID25,Thailand_Kanchanaburi,Pumpaibool,2006,All,Uncomplicated
K90,12-Oct,P3,MID22,Thailand_Kanchanaburi,Pumpaibool,2006,All,Uncomplicated
K95,12-Oct,P2,MID23,Thailand_Kanchanaburi,Pumpaibool,2006,All,Uncomplicated
MH43,13-Mar,P1,MID22,Thailand_Maehongson,Pumpaibool,2005,All,Uncomplicated
MH18,12-Oct,P2,MID20,Thailand_Maehongson,Pumpaibool,2005,All,Uncomplicated
MH11,12-Oct,P1,MID20,Thailand_Maehongson,Pumpaibool,2005,All,Uncomplicated
MH24,12-Oct,P4,MID20,Thailand_Maehongson,Pumpaibool,2005,All,Uncomplicated
MH43,12-Oct,P1,MID22,Thailand_Maehongson,Pumpaibool,2005,All,Uncomplicated
MH30,12-Oct,P2,MID21,Thailand_Maehongson,Pumpaibool,2005,All,Uncomplicated
MH19,12-Oct,P3,MID20,Thailand_Maehongson,Pumpaibool,2005,All,Uncomplicated
MH40,12-Oct,P4,MID21,Thailand_Maehongson,Pumpaibool,2005,All,Uncomplicated
MH9,12-Oct,P4,MID19,Thailand_Maehongson,Pumpaibool,2005,All,Uncomplicated
MH32,12-Oct,P1,MID21,Thailand_Maehongson,Pumpaibool,2005,All,Uncomplicated
RN82,13-Mar,P2,MID28,Thailand_Ranong,Pumpaibool,2006,All,Uncomplicated
RN81,12-Oct,P1,MID28,Thailand_Ranong,Pumpaibool,2006,All,Uncomplicated
RN72,12-Oct,P3,MID27,Thailand_Ranong,Pumpaibool,2006,All,Uncomplicated
RN98,12-Oct,P2,MID29,Thailand_Ranong,Pumpaibool,2006,All,Uncomplicated
RN102,12-Oct,P3,MID29,Thailand_Ranong,Pumpaibool,2006,All,Uncomplicated
RN104,12-Oct,P1,MID30,Thailand_Ranong,Pumpaibool,2006,All,Uncomplicated
RN103,12-Oct,P4,MID29,Thailand_Ranong,Pumpaibool,2006,All,Uncomplicated
RN69,12-Oct,P2,MID27,Thailand_Ranong,Pumpaibool,2006,All,Uncomplicated
RN86,12-Oct,P1,MID29,Thailand_Ranong,Pumpaibool,2006,All,Uncomplicated
RN82,12-Oct,P3,MID28,Thailand_Ranong,Pumpaibool,2006,All,Uncomplicated
T507,12-Oct,P1,MID17,Thailand_Tak,Pumpaibool,2007,All,Uncomplicated
T323,12-Oct,P3,MID17,Thailand_Tak,Pumpaibool,2007,All,Uncomplicated
T1003,12-Oct,P4,MID17,Thailand_Tak,Pumpaibool,2007,All,Uncomplicated
T229,12-Oct,P1,MID16,Thailand_Tak,Pumpaibool,2007,All,Uncomplicated
T1097,12-Oct,P2,MID18,Thailand_Tak,Pumpaibool,2007,All,Uncomplicated
T288,12-Oct,P3,MID16,Thailand_Tak,Pumpaibool,2007,All,Uncomplicated
T294,12-Oct,P4,MID16,Thailand_Tak,Pumpaibool,2007,All,Uncomplicated
T807,12-Oct,P1,MID18,Thailand_Tak,Pumpaibool,2007,All,Uncomplicated
YA33,12-Oct,P4,MID30,Thailand_Yala,Pumpaibool,2007,All,Uncomplicated
YA34,12-Oct,P1,MID31,Thailand_Yala,Pumpaibool,2007,All,Uncomplicated
YA23,12-Oct,P2,MID30,Thailand_Yala,Pumpaibool,2007,All,Uncomplicated
YA25,12-Oct,P2,MID31,Thailand_Yala,Pumpaibool,2007,All,Uncomplicated
YA32,12-Oct,P1,MID34,Thailand_Yala,Pumpaibool,2007,All,Uncomplicated
YA24,12-Oct,P3,MID30,Thailand_Yala,Pumpaibool,2007,All,Uncomplicated
YA31,12-Oct,P2,MID33,Thailand_Yala,Pumpaibool,2007,All,Uncomplicated
YA26,12-Oct,P3,MID31,Thailand_Yala,Pumpaibool,2007,All,Uncomplicated
YA19,12-Oct,P3,MID34,Thailand_Yala,Pumpaibool,2007,All,Uncomplicated
YA36,12-Oct,P4,MID31,Thailand_Yala,Pumpaibool,2007,All,Uncomplicated
YA29,12-Oct,P3,MID33,Thailand_Yala,Pumpaibool,2007,All,Uncomplicated
YA20,12-Oct,P1,MID33,Thailand_Yala,Pumpaibool,2007,All,Uncomplicated
UG60759,13-Mar,P3,MID49,Uganda_Apac,Ruybal,2006-2007,5-Jan,Uncomplicated
UG60490,13-Mar,P3,MID40,Uganda_Apac,Ruybal,2006-2007,5-Jan,Uncomplicated
UG60229,13-Mar,P2,MID32,Uganda_Apac,Ruybal,2006-2007,5-Jan,Uncomplicated
UG60201,13-Mar,P4,MID31,Uganda_Apac,Ruybal,2006-2007,5-Jan,Uncomplicated
UG60344,13-Mar,P2,MID35,Uganda_Apac,Ruybal,2006-2007,5-Jan,Uncomplicated
UG60555,13-Mar,P2,MID43,Uganda_Apac,Ruybal,2006-2007,5-Jan,Uncomplicated
UG60335,13-Mar,P1,MID35,Uganda_Apac,Ruybal,2006-2007,5-Jan,Uncomplicated
UG60177,13-Mar,P3,MID30,Uganda_Apac,Ruybal,2006-2007,5-Jan,Uncomplicated
UG60751,13-Mar,P2,MID49,Uganda_Apac,Ruybal,2006-2007,5-Jan,Uncomplicated
UG60385,13-Mar,P2,MID37,Uganda_Apac,Ruybal,2006-2007,5-Jan,Uncomplicated
UG60834,13-Mar,P1,MID51,Uganda_Apac,Ruybal,2006-2007,5-Jan,Uncomplicated
UG60681,13-Mar,P1,MID47,Uganda_Apac,Ruybal,2006-2007,5-Jan,Uncomplicated
UG60671,13-Mar,P3,MID46,Uganda_Apac,Ruybal,2006-2007,5-Jan,Uncomplicated
UG60608,13-Mar,P3,MID44,Uganda_Apac,Ruybal,2006-2007,5-Jan,Uncomplicated
UG60086,13-Mar,P1,MID29,Uganda_Apac,Ruybal,2006-2007,5-Jan,Uncomplicated
UG60164,13-Mar,P2,MID30,Uganda_Apac,Ruybal,2006-2007,5-Jan,Uncomplicated
UG60188,13-Mar,P1,MID31,Uganda_Apac,Ruybal,2006-2007,5-Jan,Uncomplicated
UG60540,13-Mar,P2,MID42,Uganda_Apac,Ruybal,2006-2007,5-Jan,Uncomplicated
UG60293,13-Mar,P4,MID33,Uganda_Apac,Ruybal,2006-2007,5-Jan,Uncomplicated
UG60244,13-Mar,P4,MID32,Uganda_Apac,Ruybal,2006-2007,5-Jan,Uncomplicated
UG60456,13-Mar,P3,MID39,Uganda_Apac,Ruybal,2006-2007,5-Jan,Uncomplicated
UG60522,13-Mar,P4,MID41,Uganda_Apac,Ruybal,2006-2007,5-Jan,Uncomplicated
UG60356,13-Mar,P2,MID36,Uganda_Apac,Ruybal,2006-2007,5-Jan,Uncomplicated
UG60547,13-Mar,P4,MID42,Uganda_Apac,Ruybal,2006-2007,5-Jan,Uncomplicated
UG60434,13-Mar,P3,MID38,Uganda_Apac,Ruybal,2006-2007,5-Jan,Uncomplicated
UG60088,13-Mar,P2,MID29,Uganda_Apac,Ruybal,2006-2007,5-Jan,Uncomplicated
UG60391,13-Mar,P3,MID37,Uganda_Apac,Ruybal,2006-2007,5-Jan,Uncomplicated
UG60633,13-Mar,P3,MID45,Uganda_Apac,Ruybal,2006-2007,5-Jan,Uncomplicated
UG60450,13-Mar,P1,MID39,Uganda_Apac,Ruybal,2006-2007,5-Jan,Uncomplicated
UG60238,13-Mar,P3,MID32,Uganda_Apac,Ruybal,2006-2007,5-Jan,Uncomplicated
UG60288,13-Mar,P3,MID33,Uganda_Apac,Ruybal,2006-2007,5-Jan,Uncomplicated
UG60666,13-Mar,P2,MID46,Uganda_Apac,Ruybal,2006-2007,5-Jan,Uncomplicated
UG60349,13-Mar,P4,MID35,Uganda_Apac,Ruybal,2006-2007,5-Jan,Uncomplicated
UG60773,13-Mar,P4,MID49,Uganda_Apac,Ruybal,2006-2007,5-Jan,Uncomplicated
UG60620,13-Mar,P2,MID45,Uganda_Apac,Ruybal,2006-2007,5-Jan,Uncomplicated
UG60525,13-Mar,P1,MID42,Uganda_Apac,Ruybal,2006-2007,5-Jan,Uncomplicated
UG60393,13-Mar,P4,MID37,Uganda_Apac,Ruybal,2006-2007,5-Jan,Uncomplicated
UG60501,13-Mar,P4,MID40,Uganda_Apac,Ruybal,2006-2007,5-Jan,Uncomplicated
UG60519,13-Mar,P3,MID41,Uganda_Apac,Ruybal,2006-2007,5-Jan,Uncomplicated
UG60139,13-Mar,P4,MID29,Uganda_Apac,Ruybal,2006-2007,5-Jan,Uncomplicated
UG60250,13-Mar,P1,MID33,Uganda_Apac,Ruybal,2006-2007,5-Jan,Uncomplicated
UG60725,13-Mar,P4,MID47,Uganda_Apac,Ruybal,2006-2007,5-Jan,Uncomplicated
UG60541,13-Mar,P3,MID42,Uganda_Apac,Ruybal,2006-2007,5-Jan,Uncomplicated
UG60838,13-Mar,P2,MID51,Uganda_Apac,Ruybal,2006-2007,5-Jan,Uncomplicated
UG60610,13-Mar,P4,MID44,Uganda_Apac,Ruybal,2006-2007,5-Jan,Uncomplicated
UG60300,13-Mar,P1,MID34,Uganda_Apac,Ruybal,2006-2007,5-Jan,Uncomplicated
UG60729,13-Mar,P2,MID48,Uganda_Apac,Ruybal,2006-2007,5-Jan,Uncomplicated
UG60566,13-Mar,P3,MID43,Uganda_Apac,Ruybal,2006-2007,5-Jan,Uncomplicated
UG60098,13-Mar,P3,MID29,Uganda_Apac,Ruybal,2006-2007,5-Jan,Uncomplicated
UG60740,13-Mar,P4,MID48,Uganda_Apac,Ruybal,2006-2007,5-Jan,Uncomplicated
UG60375,13-Mar,P4,MID36,Uganda_Apac,Ruybal,2006-2007,5-Jan,Uncomplicated
UG60693,13-Mar,P2,MID47,Uganda_Apac,Ruybal,2006-2007,5-Jan,Uncomplicated
UG60476,13-Mar,P4,MID39,Uganda_Apac,Ruybal,2006-2007,5-Jan,Uncomplicated
UG60210,13-Mar,P1,MID32,Uganda_Apac,Ruybal,2006-2007,5-Jan,Uncomplicated
UG60281,13-Mar,P2,MID33,Uganda_Apac,Ruybal,2006-2007,5-Jan,Uncomplicated
UG60726,13-Mar,P1,MID48,Uganda_Apac,Ruybal,2006-2007,5-Jan,Uncomplicated
UG60552,13-Mar,P1,MID43,Uganda_Apac,Ruybal,2006-2007,5-Jan,Uncomplicated
UG60647,13-Mar,P4,MID45,Uganda_Apac,Ruybal,2006-2007,5-Jan,Uncomplicated
UG60346,13-Mar,P3,MID35,Uganda_Apac,Ruybal,2006-2007,5-Jan,Uncomplicated
UG60181,13-Mar,P4,MID30,Uganda_Apac,Ruybal,2006-2007,5-Jan,Uncomplicated
UG60316,13-Mar,P2,MID34,Uganda_Apac,Ruybal,2006-2007,5-Jan,Uncomplicated
UG60326,13-Mar,P3,MID34,Uganda_Apac,Ruybal,2006-2007,5-Jan,Uncomplicated
UG60486,13-Mar,P2,MID40,Uganda_Apac,Ruybal,2006-2007,5-Jan,Uncomplicated
UG60455,13-Mar,P2,MID39,Uganda_Apac,Ruybal,2006-2007,5-Jan,Uncomplicated
UG60672,13-Mar,P4,MID46,Uganda_Apac,Ruybal,2006-2007,5-Jan,Uncomplicated
UG60144,13-Mar,P1,MID30,Uganda_Apac,Ruybal,2006-2007,5-Jan,Uncomplicated
UG60189,13-Mar,P2,MID31,Uganda_Apac,Ruybal,2006-2007,5-Jan,Uncomplicated
UG60332,13-Mar,P4,MID34,Uganda_Apac,Ruybal,2006-2007,5-Jan,Uncomplicated
UG60507,13-Mar,P1,MID41,Uganda_Apac,Ruybal,2006-2007,5-Jan,Uncomplicated
UG60481,13-Mar,P1,MID40,Uganda_Apac,Ruybal,2006-2007,5-Jan,Uncomplicated
UG60597,13-Mar,P2,MID44,Uganda_Apac,Ruybal,2006-2007,5-Jan,Uncomplicated
UG60199,13-Mar,P3,MID31,Uganda_Apac,Ruybal,2006-2007,5-Jan,Uncomplicated
UG60382,13-Mar,P1,MID37,Uganda_Apac,Ruybal,2006-2007,5-Jan,Uncomplicated
UG60073,13-Mar,P3,MID28,Uganda_Apac,Ruybal,2006-2007,5-Jan,Uncomplicated
UG60361,13-Mar,P3,MID36,Uganda_Apac,Ruybal,2006-2007,5-Jan,Uncomplicated
UG60738,13-Mar,P3,MID48,Uganda_Apac,Ruybal,2006-2007,5-Jan,Uncomplicated
UG60350,13-Mar,P1,MID36,Uganda_Apac,Ruybal,2006-2007,5-Jan,Uncomplicated
UG70500,13-Aug,P1,MID8-8,Uganda_Arua,Ruybal,2006-2007,5-Jan,Uncomplicated
UG70268,13-Aug,P2,MID2-4,Uganda_Arua,Ruybal,2006-2007,5-Jan,Uncomplicated
UG70018,13-Aug,P1,MID58-60,Uganda_Arua,Ruybal,2006-2007,5-Jan,Uncomplicated
UG70489,13-Aug,P2,MID7-8,Uganda_Arua,Ruybal,2006-2007,5-Jan,Uncomplicated
UG70761,13-Aug,P1,MID14-16,Uganda_Arua,Ruybal,2006-2007,5-Jan,Uncomplicated
UG70389,13-Aug,P1,MID4-6,Uganda_Arua,Ruybal,2006-2007,5-Jan,Uncomplicated
UG70464,13-Aug,P2,MID6-8,Uganda_Arua,Ruybal,2006-2007,5-Jan,Uncomplicated
UG70468,13-Aug,P1,MID7-7,Uganda_Arua,Ruybal,2006-2007,5-Jan,Uncomplicated
UG70165,13-Aug,P1,MID1-1,Uganda_Arua,Ruybal,2006-2007,5-Jan,Uncomplicated
UG70213,13-Aug,P1,MID2-2,Uganda_Arua,Ruybal,2006-2007,5-Jan,Uncomplicated
UG70649,13-Aug,P2,MID11-14,Uganda_Arua,Ruybal,2006-2007,5-Jan,Uncomplicated
UG70583,13-Aug,P2,MID10-11,Uganda_Arua,Ruybal,2006-2007,5-Jan,Uncomplicated
UG70025,13-Aug,P1,MID59-59,Uganda_Arua,Ruybal,2006-2007,5-Jan,Uncomplicated
UG70515,13-Aug,P2,MID8-10,Uganda_Arua,Ruybal,2006-2007,5-Jan,Uncomplicated
UG70715,13-Aug,P2,MID60-60,Uganda_Arua,Ruybal,2006-2007,5-Jan,Uncomplicated
UG70647,13-Aug,P1,MID11-14,Uganda_Arua,Ruybal,2006-2007,5-Jan,Uncomplicated
UG70088,13-Aug,P2,MID61-1,Uganda_Arua,Ruybal,2006-2007,5-Jan,Uncomplicated
UG70523,13-Aug,P1,MID8-11,Uganda_Arua,Ruybal,2006-2007,5-Jan,Uncomplicated
UG70394,13-Aug,P1,MID5-5,Uganda_Arua,Ruybal,2006-2007,5-Jan,Uncomplicated
UG70712,13-Aug,P1,MID60-60,Uganda_Arua,Ruybal,2006-2007,5-Jan,Uncomplicated
UG70637,13-Aug,P2,MID11-13,Uganda_Arua,Ruybal,2006-2007,5-Jan,Uncomplicated
UG70471,13-Aug,P2,MID7-7,Uganda_Arua,Ruybal,2006-2007,5-Jan,Uncomplicated
UG70195,13-Aug,P2,MID1-2,Uganda_Arua,Ruybal,2006-2007,5-Jan,Uncomplicated
UG70278,13-Aug,P1,MID4-4,Uganda_Arua,Ruybal,2006-2007,5-Jan,Uncomplicated
UG70081,13-Aug,P2,MID59-61,Uganda_Arua,Ruybal,2006-2007,5-Jan,Uncomplicated
UG70658,13-Aug,P1,MID13-14,Uganda_Arua,Ruybal,2006-2007,5-Jan,Uncomplicated
UG70422,13-Aug,P1,MID5-7,Uganda_Arua,Ruybal,2006-2007,5-Jan,Uncomplicated
UG70456,13-Aug,P1,MID6-8,Uganda_Arua,Ruybal,2006-2007,5-Jan,Uncomplicated
UG70106,13-Aug,P1,MID62-62,Uganda_Arua,Ruybal,2006-2007,5-Jan,Uncomplicated
UG70504,13-Aug,P1,MID8-10,Uganda_Arua,Ruybal,2006-2007,5-Jan,Uncomplicated
UG70437,13-Aug,P2,MID6-6,Uganda_Arua,Ruybal,2006-2007,5-Jan,Uncomplicated
UG70793,13-Aug,P1,MID61-62,Uganda_Arua,Ruybal,2006-2007,5-Jan,Uncomplicated
UG70274,13-Aug,P2,MID3-5,Uganda_Arua,Ruybal,2006-2007,5-Jan,Uncomplicated
UG70773,13-Aug,P1,MID61-61,Uganda_Arua,Ruybal,2006-2007,5-Jan,Uncomplicated
UG70503,13-Aug,P2,MID8-8,Uganda_Arua,Ruybal,2006-2007,5-Jan,Uncomplicated
UG70281,13-Aug,P2,MID4-4,Uganda_Arua,Ruybal,2006-2007,5-Jan,Uncomplicated
UG70594,13-Aug,P2,MID10-13,Uganda_Arua,Ruybal,2006-2007,5-Jan,Uncomplicated
UG70786,13-Aug,P2,MID61-61,Uganda_Arua,Ruybal,2006-2007,5-Jan,Uncomplicated
UG70688,13-Aug,P1,MID14-14,Uganda_Arua,Ruybal,2006-2007,5-Jan,Uncomplicated
UG70348,13-Aug,P1,MID3-3,Uganda_Arua,Ruybal,2006-2007,5-Jan,Uncomplicated
UG70066,13-Aug,P1,MID59-61,Uganda_Arua,Ruybal,2006-2007,5-Jan,Uncomplicated
UG70160,13-Aug,P2,MID62-2,Uganda_Arua,Ruybal,2006-2007,5-Jan,Uncomplicated
UG70260,13-Aug,P1,MID2-4,Uganda_Arua,Ruybal,2006-2007,5-Jan,Uncomplicated
UG70084,13-Aug,P1,MID61-1,Uganda_Arua,Ruybal,2006-2007,5-Jan,Uncomplicated
UG70349,13-Aug,P2,MID3-3,Uganda_Arua,Ruybal,2006-2007,5-Jan,Uncomplicated
UG70828,13-Aug,P2,MID61-62,Uganda_Arua,Ruybal,2006-2007,5-Jan,Uncomplicated
UG70013,13-Aug,P2,MID58-59,Uganda_Arua,Ruybal,2006-2007,5-Jan,Uncomplicated
UG70036,13-Aug,P1,MID59-60,Uganda_Arua,Ruybal,2006-2007,5-Jan,Uncomplicated
UG70742,13-Aug,P2,MID60-62,Uganda_Arua,Ruybal,2006-2007,5-Jan,Uncomplicated
UG70008,13-Aug,P1,MID58-59,Uganda_Arua,Ruybal,2006-2007,5-Jan,Uncomplicated
UG70684,13-Aug,P2,MID13-15,Uganda_Arua,Ruybal,2006-2007,5-Jan,Uncomplicated
UG70113,13-Aug,P1,MID62-1,Uganda_Arua,Ruybal,2006-2007,5-Jan,Uncomplicated
UG70710,13-Aug,P2,MID14-16,Uganda_Arua,Ruybal,2006-2007,5-Jan,Uncomplicated
UG70677,13-Aug,P1,MID13-15,Uganda_Arua,Ruybal,2006-2007,5-Jan,Uncomplicated
UG70203,13-Aug,P1,MID1-3,Uganda_Arua,Ruybal,2006-2007,5-Jan,Uncomplicated
UG70446,13-Aug,P1,MID6-7,Uganda_Arua,Ruybal,2006-2007,5-Jan,Uncomplicated
UG70258,13-Aug,P2,MID2-3,Uganda_Arua,Ruybal,2006-2007,5-Jan,Uncomplicated
UG70024,13-Aug,P2,MID58-60,Uganda_Arua,Ruybal,2006-2007,5-Jan,Uncomplicated
UG70435,13-Aug,P1,MID6-6,Uganda_Arua,Ruybal,2006-2007,5-Jan,Uncomplicated
UG70484,13-Aug,P1,MID7-8,Uganda_Arua,Ruybal,2006-2007,5-Jan,Uncomplicated
UG70122,13-Aug,P1,MID62-2,Uganda_Arua,Ruybal,2006-2007,5-Jan,Uncomplicated
UG70291,13-Aug,P1,MID4-5,Uganda_Arua,Ruybal,2006-2007,5-Jan,Uncomplicated
UG70451,13-Aug,P2,MID6-7,Uganda_Arua,Ruybal,2006-2007,5-Jan,Uncomplicated
UG70705,13-Aug,P1,MID14-15,Uganda_Arua,Ruybal,2006-2007,5-Jan,Uncomplicated
UG70730,13-Aug,P1,MID60-62,Uganda_Arua,Ruybal,2006-2007,5-Jan,Uncomplicated
UG70696,13-Aug,P2,MID14-14,Uganda_Arua,Ruybal,2006-2007,5-Jan,Uncomplicated
UG70654,13-Aug,P1,MID13-13,Uganda_Arua,Ruybal,2006-2007,5-Jan,Uncomplicated
UG70390,13-Aug,P2,MID4-6,Uganda_Arua,Ruybal,2006-2007,5-Jan,Uncomplicated
UG70623,13-Aug,P2,MID11-11,Uganda_Arua,Ruybal,2006-2007,5-Jan,Uncomplicated
UG70555,13-Aug,P1,MID10-10,Uganda_Arua,Ruybal,2006-2007,5-Jan,Uncomplicated
UG70418,13-Aug,P2,MID5-6,Uganda_Arua,Ruybal,2006-2007,5-Jan,Uncomplicated
UG70363,13-Aug,P2,MID3-4,Uganda_Arua,Ruybal,2006-2007,5-Jan,Uncomplicated
UG70416,13-Aug,P1,MID5-6,Uganda_Arua,Ruybal,2006-2007,5-Jan,Uncomplicated
UG70492,13-Aug,P2,MID7-10,Uganda_Arua,Ruybal,2006-2007,5-Jan,Uncomplicated
UG70426,13-Aug,P2,MID5-7,Uganda_Arua,Ruybal,2006-2007,5-Jan,Uncomplicated
UG70720,13-Aug,P1,MID60-61,Uganda_Arua,Ruybal,2006-2007,5-Jan,Uncomplicated
UG70596,13-Aug,P1,MID11-11,Uganda_Arua,Ruybal,2006-2007,5-Jan,Uncomplicated
UG70181,13-Aug,P2,MID1-1,Uganda_Arua,Ruybal,2006-2007,5-Jan,Uncomplicated
UG70666,13-Aug,P2,MID13-14,Uganda_Arua,Ruybal,2006-2007,5-Jan,Uncomplicated
UG70039,13-Aug,P2,MID59-60,Uganda_Arua,Ruybal,2006-2007,5-Jan,Uncomplicated
UG70568,13-Aug,P1,MID10-11,Uganda_Arua,Ruybal,2006-2007,5-Jan,Uncomplicated
UG70371,13-Aug,P1,MID3-5,Uganda_Arua,Ruybal,2006-2007,5-Jan,Uncomplicated
UG70027,13-Aug,P2,MID59-59,Uganda_Arua,Ruybal,2006-2007,5-Jan,Uncomplicated
UG70697,13-Aug,P2,MID14-15,Uganda_Arua,Ruybal,2006-2007,5-Jan,Uncomplicated
UG70657,13-Aug,P2,MID13-13,Uganda_Arua,Ruybal,2006-2007,5-Jan,Uncomplicated
UG70192,13-Aug,P1,MID1-2,Uganda_Arua,Ruybal,2006-2007,5-Jan,Uncomplicated
UG70350,13-Aug,P1,MID3-4,Uganda_Arua,Ruybal,2006-2007,5-Jan,Uncomplicated
UG70204,13-Aug,P2,MID1-3,Uganda_Arua,Ruybal,2006-2007,5-Jan,Uncomplicated
UG70246,13-Aug,P1,MID2-3,Uganda_Arua,Ruybal,2006-2007,5-Jan,Uncomplicated
UG70630,13-Aug,P1,MID11-13,Uganda_Arua,Ruybal,2006-2007,5-Jan,Uncomplicated
UG70307,13-Aug,P2,MID4-5,Uganda_Arua,Ruybal,2006-2007,5-Jan,Uncomplicated
UG70543,13-Aug,P2,MID8-11,Uganda_Arua,Ruybal,2006-2007,5-Jan,Uncomplicated
UG70112,13-Aug,P2,MID62-62,Uganda_Arua,Ruybal,2006-2007,5-Jan,Uncomplicated
UG70118,13-Aug,P2,MID62-1,Uganda_Arua,Ruybal,2006-2007,5-Jan,Uncomplicated
UG70220,13-Aug,P2,MID2-2,Uganda_Arua,Ruybal,2006-2007,5-Jan,Uncomplicated
UG70723,13-Aug,P2,MID60-61,Uganda_Arua,Ruybal,2006-2007,5-Jan,Uncomplicated
UG70398,13-Aug,P2,MID5-5,Uganda_Arua,Ruybal,2006-2007,5-Jan,Uncomplicated
UG80172,13-Aug,P2,MID44-45,Uganda_Jinja,Ruybal,2006-2007,5-Jan,Uncomplicated
UG80133,13-Aug,P1,MID46-46,Uganda_Jinja,Ruybal,2006-2007,5-Jan,Uncomplicated
UG80536,13-Aug,P1,MID56-56,Uganda_Jinja,Ruybal,2006-2007,5-Jan,Uncomplicated
UG80132,13-Aug,P2,MID44-44,Uganda_Jinja,Ruybal,2006-2007,5-Jan,Uncomplicated
UG80651,13-Aug,P1,MID57-58,Uganda_Jinja,Ruybal,2006-2007,5-Jan,Uncomplicated
UG80198,13-Aug,P1,MID45-45,Uganda_Jinja,Ruybal,2006-2007,5-Jan,Uncomplicated
UG80302,13-Aug,P1,MID50-51,Uganda_Jinja,Ruybal,2006-2007,5-Jan,Uncomplicated
UG80290,13-Aug,P1,MID50-50,Uganda_Jinja,Ruybal,2006-2007,5-Jan,Uncomplicated
UG80152,13-Aug,P1,MID44-45,Uganda_Jinja,Ruybal,2006-2007,5-Jan,Uncomplicated
UG80465,13-Aug,P1,MID55-55,Uganda_Jinja,Ruybal,2006-2007,5-Jan,Uncomplicated
UG80179,13-Aug,P1,MID44-46,Uganda_Jinja,Ruybal,2006-2007,5-Jan,Uncomplicated
UG80592,13-Aug,P1,MID56-58,Uganda_Jinja,Ruybal,2006-2007,5-Jan,Uncomplicated
UG80238,13-Aug,P1,MID45-46,Uganda_Jinja,Ruybal,2006-2007,5-Jan,Uncomplicated
UG80555,13-Aug,P2,MID56-56,Uganda_Jinja,Ruybal,2006-2007,5-Jan,Uncomplicated
UG80029,13-Aug,P2,MID42-43,Uganda_Jinja,Ruybal,2006-2007,5-Jan,Uncomplicated
UG80051,13-Aug,P2,MID42-44,Uganda_Jinja,Ruybal,2006-2007,5-Jan,Uncomplicated
UG80184,13-Aug,P2,MID44-46,Uganda_Jinja,Ruybal,2006-2007,5-Jan,Uncomplicated
UG80663,13-Aug,P1,MID57-57,Uganda_Jinja,Ruybal,2006-2007,5-Jan,Uncomplicated
UG80217,13-Aug,P2,MID49-49,Uganda_Jinja,Ruybal,2006-2007,5-Jan,Uncomplicated
UG80394,13-Aug,P1,MID53-53,Uganda_Jinja,Ruybal,2006-2007,5-Jan,Uncomplicated
UG80062,13-Aug,P2,MID43-43,Uganda_Jinja,Ruybal,2006-2007,5-Jan,Uncomplicated
UG80378,13-Aug,P2,MID51-51,Uganda_Jinja,Ruybal,2006-2007,5-Jan,Uncomplicated
UG80200,13-Aug,P1,MID49-49,Uganda_Jinja,Ruybal,2006-2007,5-Jan,Uncomplicated
UG80080,13-Aug,P1,MID43-44,Uganda_Jinja,Ruybal,2006-2007,5-Jan,Uncomplicated
UG80105,13-Aug,P2,MID43-45,Uganda_Jinja,Ruybal,2006-2007,5-Jan,Uncomplicated
UG80672,13-Aug,P1,MID58-58,Uganda_Jinja,Ruybal,2006-2007,5-Jan,Uncomplicated
UG80016,13-Aug,P1,MID42-43,Uganda_Jinja,Ruybal,2006-2007,5-Jan,Uncomplicated
UG80122,13-Aug,P1,MID44-44,Uganda_Jinja,Ruybal,2006-2007,5-Jan,Uncomplicated
UG80573,13-Aug,P2,MID56-57,Uganda_Jinja,Ruybal,2006-2007,5-Jan,Uncomplicated
UG80239,13-Aug,P2,MID45-46,Uganda_Jinja,Ruybal,2006-2007,5-Jan,Uncomplicated
UG80095,13-Aug,P1,MID43-45,Uganda_Jinja,Ruybal,2006-2007,5-Jan,Uncomplicated
UG80657,13-Aug,P2,MID57-58,Uganda_Jinja,Ruybal,2006-2007,5-Jan,Uncomplicated
UG80255,13-Aug,P2,MID49-50,Uganda_Jinja,Ruybal,2006-2007,5-Jan,Uncomplicated
UG80059,13-Aug,P1,MID43-43,Uganda_Jinja,Ruybal,2006-2007,5-Jan,Uncomplicated
UG80482,13-Aug,P2,MID55-55,Uganda_Jinja,Ruybal,2006-2007,5-Jan,Uncomplicated
UG80567,13-Aug,P1,MID56-57,Uganda_Jinja,Ruybal,2006-2007,5-Jan,Uncomplicated
UG80043,13-Aug,P1,MID42-44,Uganda_Jinja,Ruybal,2006-2007,5-Jan,Uncomplicated
UG80667,13-Aug,P2,MID57-59,Uganda_Jinja,Ruybal,2006-2007,5-Jan,Uncomplicated
UG80090,13-Aug,P2,MID43-44,Uganda_Jinja,Ruybal,2006-2007,5-Jan,Uncomplicated
UG80593,13-Aug,P2,MID56-58,Uganda_Jinja,Ruybal,2006-2007,5-Jan,Uncomplicated
UG80719,13-Aug,P2,MID15-16,Uganda_Jinja,Ruybal,2006-2007,5-Jan,Uncomplicated
UG80139,13-Aug,P2,MID46-46,Uganda_Jinja,Ruybal,2006-2007,5-Jan,Uncomplicated
UG80484,13-Aug,P1,MID55-56,Uganda_Jinja,Ruybal,2006-2007,5-Jan,Uncomplicated
UG80326,13-Aug,P1,MID50-53,Uganda_Jinja,Ruybal,2006-2007,5-Jan,Uncomplicated
UG80610,13-Aug,P2,MID57-57,Uganda_Jinja,Ruybal,2006-2007,5-Jan,Uncomplicated
UG80596,13-Aug,P1,MID57-57,Uganda_Jinja,Ruybal,2006-2007,5-Jan,Uncomplicated
UG80486,13-Aug,P2,MID55-56,Uganda_Jinja,Ruybal,2006-2007,5-Jan,Uncomplicated
UG80328,13-Aug,P2,MID50-53,Uganda_Jinja,Ruybal,2006-2007,5-Jan,Uncomplicated
UG80298,13-Aug,P2,MID50-50,Uganda_Jinja,Ruybal,2006-2007,5-Jan,Uncomplicated
UG80502,13-Aug,P2,MID55-57,Uganda_Jinja,Ruybal,2006-2007,5-Jan,Uncomplicated
UG80435,13-Aug,P2,MID53-55,Uganda_Jinja,Ruybal,2006-2007,5-Jan,Uncomplicated
UG80410,13-Aug,P1,MID53-55,Uganda_Jinja,Ruybal,2006-2007,5-Jan,Uncomplicated
UG80253,13-Aug,P1,MID49-50,Uganda_Jinja,Ruybal,2006-2007,5-Jan,Uncomplicated
UG80490,13-Aug,P1,MID55-57,Uganda_Jinja,Ruybal,2006-2007,5-Jan,Uncomplicated
UG80235,13-Aug,P2,MID45-45,Uganda_Jinja,Ruybal,2006-2007,5-Jan,Uncomplicated
UG80675,13-Aug,P2,MID58-58,Uganda_Jinja,Ruybal,2006-2007,5-Jan,Uncomplicated
UG80838,13-May,P2,MID48-49,Uganda_Jinja,Ruybal,2006-2007,5-Jan,Uncomplicated
UG80257,13-May,P1,MID55-56,Uganda_Jinja,Ruybal,2006-2007,5-Jan,Uncomplicated
UG80229,13-May,P2,MID55-55,Uganda_Jinja,Ruybal,2006-2007,5-Jan,Uncomplicated
UG80440,13-May,P1,MID56-56,Uganda_Jinja,Ruybal,2006-2007,5-Jan,Uncomplicated
UG80804,13-May,P1,MID48-48,Uganda_Jinja,Ruybal,2006-2007,5-Jan,Uncomplicated
UG80702,13-May,P1,MID47-49,Uganda_Jinja,Ruybal,2006-2007,5-Jan,Uncomplicated
UG80553,13-May,P2,MID56-57,Uganda_Jinja,Ruybal,2006-2007,5-Jan,Uncomplicated
UG80219,13-May,P1,MID55-55,Uganda_Jinja,Ruybal,2006-2007,5-Jan,Uncomplicated
UG80083,13-May,P2,MID54-55,Uganda_Jinja,Ruybal,2006-2007,5-Jan,Uncomplicated
UG80637,13-May,P1,MID57-57,Uganda_Jinja,Ruybal,2006-2007,5-Jan,Uncomplicated
UG80082,13-May,P1,MID54-55,Uganda_Jinja,Ruybal,2006-2007,5-Jan,Uncomplicated
UG80734,13-May,P1,MID57-59,Uganda_Jinja,Ruybal,2006-2007,5-Jan,Uncomplicated
UG80616,13-May,P1,MID56-58,Uganda_Jinja,Ruybal,2006-2007,5-Jan,Uncomplicated
UG80677,13-May,P2,MID57-57,Uganda_Jinja,Ruybal,2006-2007,5-Jan,Uncomplicated
UG80621,13-May,P2,MID56-58,Uganda_Jinja,Ruybal,2006-2007,5-Jan,Uncomplicated
UG80777,13-May,P1,MID58-59,Uganda_Jinja,Ruybal,2006-2007,5-Jan,Uncomplicated
UG80548,13-May,P1,MID56-57,Uganda_Jinja,Ruybal,2006-2007,5-Jan,Uncomplicated
UG80795,13-May,P1,MID58-60,Uganda_Jinja,Ruybal,2006-2007,5-Jan,Uncomplicated
UG80797,13-May,P2,MID58-60,Uganda_Jinja,Ruybal,2006-2007,5-Jan,Uncomplicated
UG80806,13-May,P2,MID48-48,Uganda_Jinja,Ruybal,2006-2007,5-Jan,Uncomplicated
UG80757,13-May,P2,MID58-58,Uganda_Jinja,Ruybal,2006-2007,5-Jan,Uncomplicated
UG80782,13-May,P2,MID58-59,Uganda_Jinja,Ruybal,2006-2007,5-Jan,Uncomplicated
UG80354,13-May,P1,MID55-57,Uganda_Jinja,Ruybal,2006-2007,5-Jan,Uncomplicated
UG80262,13-May,P2,MID55-56,Uganda_Jinja,Ruybal,2006-2007,5-Jan,Uncomplicated
UG80736,13-May,P2,MID47-49,Uganda_Jinja,Ruybal,2006-2007,5-Jan,Uncomplicated
UG80743,13-May,P2,MID57-59,Uganda_Jinja,Ruybal,2006-2007,5-Jan,Uncomplicated
UG80359,13-May,P2,MID55-57,Uganda_Jinja,Ruybal,2006-2007,5-Jan,Uncomplicated
UG80756,13-May,P1,MID58-58,Uganda_Jinja,Ruybal,2006-2007,5-Jan,Uncomplicated
UG80819,13-May,P1,MID48-49,Uganda_Jinja,Ruybal,2006-2007,5-Jan,Uncomplicated
UG80148,13-May,P2,MID54-56,Uganda_Jinja,Ruybal,2006-2007,5-Jan,Uncomplicated
UG80801,13-May,P1,MID59-59,Uganda_Jinja,Ruybal,2006-2007,5-Jan,Uncomplicated
UG80803,13-May,P2,MID59-59,Uganda_Jinja,Ruybal,2006-2007,5-Jan,Uncomplicated
UG80142,13-May,P1,MID54-56,Uganda_Jinja,Ruybal,2006-2007,5-Jan,Uncomplicated
UG80444,13-May,P2,MID56-56,Uganda_Jinja,Ruybal,2006-2007,5-Jan,Uncomplicated
UG30277,13-Mar,P1,MID45,Uganda_Kanungu,Ruybal,2006-2007,5-Jan,Uncomplicated
UG30283,13-Mar,P2,MID24,Uganda_Kanungu,Ruybal,2006-2007,5-Jan,Uncomplicated
UG30734,13-Mar,P1,MID44,Uganda_Kanungu,Ruybal,2006-2007,5-Jan,Uncomplicated
UG30577,12-Oct,P1,MID49,Uganda_Kanungu,Ruybal,2006-2007,5-Jan,Uncomplicated
UG30251,12-Oct,P2,MID40,Uganda_Kanungu,Ruybal,2006-2007,5-Jan,Uncomplicated
UG30245,12-Oct,P1,MID40,Uganda_Kanungu,Ruybal,2006-2007,5-Jan,Uncomplicated
UG30224,12-Oct,P2,MID39,Uganda_Kanungu,Ruybal,2006-2007,5-Jan,Uncomplicated
UG30186,12-Oct,P1,MID38,Uganda_Kanungu,Ruybal,2006-2007,5-Jan,Uncomplicated
UG30579,12-Oct,P2,MID49,Uganda_Kanungu,Ruybal,2006-2007,5-Jan,Uncomplicated
UG30661,12-Oct,P3,MID54,Uganda_Kanungu,Ruybal,2006-2007,5-Jan,Uncomplicated
UG30511,12-Oct,P2,MID47,Uganda_Kanungu,Ruybal,2006-2007,5-Jan,Uncomplicated
UG30590,12-Oct,P3,MID49,Uganda_Kanungu,Ruybal,2006-2007,5-Jan,Uncomplicated
UG30470,12-Oct,P3,MID46,Uganda_Kanungu,Ruybal,2006-2007,5-Jan,Uncomplicated
UG30830,12-Oct,P4,MID60,Uganda_Kanungu,Ruybal,2006-2007,5-Jan,Uncomplicated
UG30658,12-Oct,P2,MID54,Uganda_Kanungu,Ruybal,2006-2007,5-Jan,Uncomplicated
UG30304,12-Oct,P4,MID39,Uganda_Kanungu,Ruybal,2006-2007,5-Jan,Uncomplicated
UG30421,12-Oct,P3,MID45,Uganda_Kanungu,Ruybal,2006-2007,5-Jan,Uncomplicated
UG30818,12-Oct,P2,MID60,Uganda_Kanungu,Ruybal,2006-2007,5-Jan,Uncomplicated
UG30226,12-Oct,P3,MID38,Uganda_Kanungu,Ruybal,2006-2007,5-Jan,Uncomplicated
UG30470,12-Oct,P2,MID48,Uganda_Kanungu,Ruybal,2006-2007,5-Jan,Uncomplicated
UG30630,12-Oct,P3,MID51,Uganda_Kanungu,Ruybal,2006-2007,5-Jan,Uncomplicated
UG30367,12-Oct,P4,MID44,Uganda_Kanungu,Ruybal,2006-2007,5-Jan,Uncomplicated
UG30641,12-Oct,P2,MID53,Uganda_Kanungu,Ruybal,2006-2007,5-Jan,Uncomplicated
UG30632,12-Oct,P4,MID51,Uganda_Kanungu,Ruybal,2006-2007,5-Jan,Uncomplicated
UG30024,12-Oct,P2,MID36,Uganda_Kanungu,Ruybal,2006-2007,5-Jan,Uncomplicated
UG30726,12-Oct,P4,MID56,Uganda_Kanungu,Ruybal,2006-2007,5-Jan,Uncomplicated
UG30486,12-Oct,P4,MID46,Uganda_Kanungu,Ruybal,2006-2007,5-Jan,Uncomplicated
UG30671,12-Oct,P1,MID55,Uganda_Kanungu,Ruybal,2006-2007,5-Jan,Uncomplicated
UG30437,12-Oct,P4,MID45,Uganda_Kanungu,Ruybal,2006-2007,5-Jan,Uncomplicated
UG30788,12-Oct,P3,MID58,Uganda_Kanungu,Ruybal,2006-2007,5-Jan,Uncomplicated
UG30011,12-Oct,P1,MID36,Uganda_Kanungu,Ruybal,2006-2007,5-Jan,Uncomplicated
UG30814,12-Oct,P4,MID59,Uganda_Kanungu,Ruybal,2006-2007,5-Jan,Uncomplicated
UG30304,12-Oct,P2,MID42,Uganda_Kanungu,Ruybal,2006-2007,5-Jan,Uncomplicated
UG30416,12-Oct,P3,MID44,Uganda_Kanungu,Ruybal,2006-2007,5-Jan,Uncomplicated
UG30784,12-Oct,P4,MID50,Uganda_Kanungu,Ruybal,2006-2007,5-Jan,Uncomplicated
UG30049,12-Oct,P4,MID36,Uganda_Kanungu,Ruybal,2006-2007,5-Jan,Uncomplicated
UG30621,12-Oct,P3,MID50,Uganda_Kanungu,Ruybal,2006-2007,5-Jan,Uncomplicated
UG30441,12-Oct,P1,MID46,Uganda_Kanungu,Ruybal,2006-2007,5-Jan,Uncomplicated
UG30208,12-Oct,P2,MID38,Uganda_Kanungu,Ruybal,2006-2007,5-Jan,Uncomplicated
UG30713,12-Oct,P3,MID56,Uganda_Kanungu,Ruybal,2006-2007,5-Jan,Uncomplicated
UG30309,12-Oct,P4,MID42,Uganda_Kanungu,Ruybal,2006-2007,5-Jan,Uncomplicated
UG30419,12-Oct,P4,MID47,Uganda_Kanungu,Ruybal,2006-2007,5-Jan,Uncomplicated
UG30054,12-Oct,P1,MID37,Uganda_Kanungu,Ruybal,2006-2007,5-Jan,Uncomplicated
UG30266,12-Oct,P3,MID40,Uganda_Kanungu,Ruybal,2006-2007,5-Jan,Uncomplicated
UG30700,12-Oct,P4,MID55,Uganda_Kanungu,Ruybal,2006-2007,5-Jan,Uncomplicated
UG30623,12-Oct,P1,MID51,Uganda_Kanungu,Ruybal,2006-2007,5-Jan,Uncomplicated
UG30644,12-Oct,P3,MID53,Uganda_Kanungu,Ruybal,2006-2007,5-Jan,Uncomplicated
UG30031,12-Oct,P3,MID36,Uganda_Kanungu,Ruybal,2006-2007,5-Jan,Uncomplicated
UG30598,12-Oct,P2,MID50,Uganda_Kanungu,Ruybal,2006-2007,5-Jan,Uncomplicated
UG30334,12-Oct,P4,MID41,Uganda_Kanungu,Ruybal,2006-2007,5-Jan,Uncomplicated
UG30266,12-Oct,P4,MID38,Uganda_Kanungu,Ruybal,2006-2007,5-Jan,Uncomplicated
UG30283,12-Oct,P3,MID41,Uganda_Kanungu,Ruybal,2006-2007,5-Jan,Uncomplicated
UG30700,12-Oct,P4,MID48,Uganda_Kanungu,Ruybal,2006-2007,5-Jan,Uncomplicated
UG30775,12-Oct,P4,MID57,Uganda_Kanungu,Ruybal,2006-2007,5-Jan,Uncomplicated
UG30334,12-Oct,P2,MID43,Uganda_Kanungu,Ruybal,2006-2007,5-Jan,Uncomplicated
UG30783,12-Oct,P4,MID49,Uganda_Kanungu,Ruybal,2006-2007,5-Jan,Uncomplicated
UG30811,12-Oct,P3,MID59,Uganda_Kanungu,Ruybal,2006-2007,5-Jan,Uncomplicated
UG30816,12-Oct,P1,MID60,Uganda_Kanungu,Ruybal,2006-2007,5-Jan,Uncomplicated
UG30709,12-Oct,P2,MID56,Uganda_Kanungu,Ruybal,2006-2007,5-Jan,Uncomplicated
UG30591,12-Oct,P1,MID50,Uganda_Kanungu,Ruybal,2006-2007,5-Jan,Uncomplicated
UG30213,12-Oct,P1,MID39,Uganda_Kanungu,Ruybal,2006-2007,5-Jan,Uncomplicated
UG30499,12-Oct,P1,MID47,Uganda_Kanungu,Ruybal,2006-2007,5-Jan,Uncomplicated
UG30792,12-Oct,P4,MID58,Uganda_Kanungu,Ruybal,2006-2007,5-Jan,Uncomplicated
UG30800,12-Oct,P1,MID59,Uganda_Kanungu,Ruybal,2006-2007,5-Jan,Uncomplicated
UG30285,12-Oct,P1,MID42,Uganda_Kanungu,Ruybal,2006-2007,5-Jan,Uncomplicated
UG30629,12-Oct,P2,MID51,Uganda_Kanungu,Ruybal,2006-2007,5-Jan,Uncomplicated
UG30734,12-Oct,P1,MID57,Uganda_Kanungu,Ruybal,2006-2007,5-Jan,Uncomplicated
UG30309,12-Oct,P4,MID40,Uganda_Kanungu,Ruybal,2006-2007,5-Jan,Uncomplicated
UG30804,12-Oct,P2,MID59,Uganda_Kanungu,Ruybal,2006-2007,5-Jan,Uncomplicated
UG30367,12-Oct,P4,MID43,Uganda_Kanungu,Ruybal,2006-2007,5-Jan,Uncomplicated
UG30511,12-Oct,P4,MID37,Uganda_Kanungu,Ruybal,2006-2007,5-Jan,Uncomplicated
UG30226,12-Oct,P3,MID39,Uganda_Kanungu,Ruybal,2006-2007,5-Jan,Uncomplicated
UG30751,12-Oct,P3,MID57,Uganda_Kanungu,Ruybal,2006-2007,5-Jan,Uncomplicated
UG30100,12-Oct,P2,MID37,Uganda_Kanungu,Ruybal,2006-2007,5-Jan,Uncomplicated
UG30674,12-Oct,P2,MID55,Uganda_Kanungu,Ruybal,2006-2007,5-Jan,Uncomplicated
UG30361,12-Oct,P3,MID43,Uganda_Kanungu,Ruybal,2006-2007,5-Jan,Uncomplicated
UG30315,12-Oct,P1,MID43,Uganda_Kanungu,Ruybal,2006-2007,5-Jan,Uncomplicated
UG30821,12-Oct,P3,MID60,Uganda_Kanungu,Ruybal,2006-2007,5-Jan,Uncomplicated
UG30417,12-Oct,P3,MID47,Uganda_Kanungu,Ruybal,2006-2007,5-Jan,Uncomplicated
UG30277,12-Oct,P1,MID41,Uganda_Kanungu,Ruybal,2006-2007,5-Jan,Uncomplicated
UG30639,12-Oct,P1,MID53,Uganda_Kanungu,Ruybal,2006-2007,5-Jan,Uncomplicated
UG30377,12-Oct,P1,MID44,Uganda_Kanungu,Ruybal,2006-2007,5-Jan,Uncomplicated
UG30650,12-Oct,P4,MID53,Uganda_Kanungu,Ruybal,2006-2007,5-Jan,Uncomplicated
UG30788,12-Oct,P4,MID54,Uganda_Kanungu,Ruybal,2006-2007,5-Jan,Uncomplicated
UG30305,12-Oct,P3,MID42,Uganda_Kanungu,Ruybal,2006-2007,5-Jan,Uncomplicated
UG30783,12-Oct,P1,MID58,Uganda_Kanungu,Ruybal,2006-2007,5-Jan,Uncomplicated
UG30444,12-Oct,P2,MID46,Uganda_Kanungu,Ruybal,2006-2007,5-Jan,Uncomplicated
UG30281,12-Oct,P2,MID41,Uganda_Kanungu,Ruybal,2006-2007,5-Jan,Uncomplicated
UG30680,12-Oct,P3,MID55,Uganda_Kanungu,Ruybal,2006-2007,5-Jan,Uncomplicated
UG30419,12-Oct,P2,MID45,Uganda_Kanungu,Ruybal,2006-2007,5-Jan,Uncomplicated
UG30784,12-Oct,P2,MID58,Uganda_Kanungu,Ruybal,2006-2007,5-Jan,Uncomplicated
UG30486,12-Oct,P3,MID48,Uganda_Kanungu,Ruybal,2006-2007,5-Jan,Uncomplicated
UG30135,12-Oct,P3,MID37,Uganda_Kanungu,Ruybal,2006-2007,5-Jan,Uncomplicated
UG30417,12-Oct,P1,MID45,Uganda_Kanungu,Ruybal,2006-2007,5-Jan,Uncomplicated
UG30737,12-Oct,P2,MID57,Uganda_Kanungu,Ruybal,2006-2007,5-Jan,Uncomplicated
UG30437,12-Oct,P1,MID48,Uganda_Kanungu,Ruybal,2006-2007,5-Jan,Uncomplicated
UG30393,12-Oct,P2,MID44,Uganda_Kanungu,Ruybal,2006-2007,5-Jan,Uncomplicated
UG30655,12-Oct,P1,MID54,Uganda_Kanungu,Ruybal,2006-2007,5-Jan,Uncomplicated
UG50833,13-Aug,P1,MID41-43,Uganda_Kyenjojo,Ruybal,2006-2007,5-Jan,Uncomplicated
UG50844,13-Aug,P2,MID42-42,Uganda_Kyenjojo,Ruybal,2006-2007,5-Jan,Uncomplicated
UG50807,13-Aug,P1,MID40-42,Uganda_Kyenjojo,Ruybal,2006-2007,5-Jan,Uncomplicated
UG50822,13-Aug,P2,MID41-41,Uganda_Kyenjojo,Ruybal,2006-2007,5-Jan,Uncomplicated
UG50840,13-Aug,P2,MID41-43,Uganda_Kyenjojo,Ruybal,2006-2007,5-Jan,Uncomplicated
UG50824,13-Aug,P1,MID41-42,Uganda_Kyenjojo,Ruybal,2006-2007,5-Jan,Uncomplicated
UG50826,13-Aug,P2,MID41-42,Uganda_Kyenjojo,Ruybal,2006-2007,5-Jan,Uncomplicated
UG50813,13-Aug,P2,MID40-42,Uganda_Kyenjojo,Ruybal,2006-2007,5-Jan,Uncomplicated
UG50819,13-Aug,P1,MID41-41,Uganda_Kyenjojo,Ruybal,2006-2007,5-Jan,Uncomplicated
UG50841,13-Aug,P1,MID42-42,Uganda_Kyenjojo,Ruybal,2006-2007,5-Jan,Uncomplicated
UG50007,13-May,P1,MID48-50,Uganda_Kyenjojo,Ruybal,2006-2007,5-Jan,Uncomplicated
UG50625,13-May,P1,MID3-4,Uganda_Kyenjojo,Ruybal,2006-2007,5-Jan,Uncomplicated
UG50521,13-May,P1,MID1-2,Uganda_Kyenjojo,Ruybal,2006-2007,5-Jan,Uncomplicated
UG50650,13-May,P2,MID3-5,Uganda_Kyenjojo,Ruybal,2006-2007,5-Jan,Uncomplicated
UG50806,13-May,P2,MID7-10,Uganda_Kyenjojo,Ruybal,2006-2007,5-Jan,Uncomplicated
UG50551,13-May,P2,MID1-3,Uganda_Kyenjojo,Ruybal,2006-2007,5-Jan,Uncomplicated
UG50376,13-May,P1,MID61-61,Uganda_Kyenjojo,Ruybal,2006-2007,5-Jan,Uncomplicated
UG50613,13-May,P1,MID3-3,Uganda_Kyenjojo,Ruybal,2006-2007,5-Jan,Uncomplicated
UG50569,13-May,P2,MID2-2,Uganda_Kyenjojo,Ruybal,2006-2007,5-Jan,Uncomplicated
UG50573,13-May,P1,MID2-3,Uganda_Kyenjojo,Ruybal,2006-2007,5-Jan,Uncomplicated
UG50454,13-May,P2,MID61-1,Uganda_Kyenjojo,Ruybal,2006-2007,5-Jan,Uncomplicated
UG50641,13-May,P2,MID3-4,Uganda_Kyenjojo,Ruybal,2006-2007,5-Jan,Uncomplicated
UG50598,13-May,P2,MID2-4,Uganda_Kyenjojo,Ruybal,2006-2007,5-Jan,Uncomplicated
UG50593,13-May,P2,MID2-3,Uganda_Kyenjojo,Ruybal,2006-2007,5-Jan,Uncomplicated
UG50009,13-May,P2,MID48-50,Uganda_Kyenjojo,Ruybal,2006-2007,5-Jan,Uncomplicated
UG50715,13-May,P1,MID5-6,Uganda_Kyenjojo,Ruybal,2006-2007,5-Jan,Uncomplicated
UG50369,13-May,P2,MID60-62,Uganda_Kyenjojo,Ruybal,2006-2007,5-Jan,Uncomplicated
UG50249,13-May,P1,MID59-60,Uganda_Kyenjojo,Ruybal,2006-2007,5-Jan,Uncomplicated
UG50456,13-May,P1,MID62-62,Uganda_Kyenjojo,Ruybal,2006-2007,5-Jan,Uncomplicated
UG50348,13-May,P2,MID59-61,Uganda_Kyenjojo,Ruybal,2006-2007,5-Jan,Uncomplicated
UG50356,13-May,P1,MID60-61,Uganda_Kyenjojo,Ruybal,2006-2007,5-Jan,Uncomplicated
UG50499,13-May,P1,MID1-1,Uganda_Kyenjojo,Ruybal,2006-2007,5-Jan,Uncomplicated
UG50349,13-May,P1,MID60-60,Uganda_Kyenjojo,Ruybal,2006-2007,5-Jan,Uncomplicated
UG50132,13-May,P1,MID50-53,Uganda_Kyenjojo,Ruybal,2006-2007,5-Jan,Uncomplicated
UG50730,13-May,P2,MID5-7,Uganda_Kyenjojo,Ruybal,2006-2007,5-Jan,Uncomplicated
UG50354,13-May,P2,MID60-60,Uganda_Kyenjojo,Ruybal,2006-2007,5-Jan,Uncomplicated
UG50234,13-May,P1,MID53-55,Uganda_Kyenjojo,Ruybal,2006-2007,5-Jan,Uncomplicated
UG50727,13-May,P1,MID5-7,Uganda_Kyenjojo,Ruybal,2006-2007,5-Jan,Uncomplicated
UG50249,13-May,P2,MID53-55,Uganda_Kyenjojo,Ruybal,2006-2007,5-Jan,Uncomplicated
UG50698,13-May,P2,MID4-6,Uganda_Kyenjojo,Ruybal,2006-2007,5-Jan,Uncomplicated
UG50690,13-May,P1,MID4-5,Uganda_Kyenjojo,Ruybal,2006-2007,5-Jan,Uncomplicated
UG50362,13-May,P1,MID60-62,Uganda_Kyenjojo,Ruybal,2006-2007,5-Jan,Uncomplicated
UG50420,13-May,P2,MID61-62,Uganda_Kyenjojo,Ruybal,2006-2007,5-Jan,Uncomplicated
UG50321,13-May,P1,MID59-61,Uganda_Kyenjojo,Ruybal,2006-2007,5-Jan,Uncomplicated
UG50462,13-May,P1,MID62-1,Uganda_Kyenjojo,Ruybal,2006-2007,5-Jan,Uncomplicated
UG50788,13-May,P2,MID7-8,Uganda_Kyenjojo,Ruybal,2006-2007,5-Jan,Uncomplicated
UG50594,13-May,P1,MID2-4,Uganda_Kyenjojo,Ruybal,2006-2007,5-Jan,Uncomplicated
UG50756,13-May,P2,MID6-8,Uganda_Kyenjojo,Ruybal,2006-2007,5-Jan,Uncomplicated
UG50538,13-May,P2,MID1-2,Uganda_Kyenjojo,Ruybal,2006-2007,5-Jan,Uncomplicated
UG50692,13-May,P1,MID4-6,Uganda_Kyenjojo,Ruybal,2006-2007,5-Jan,Uncomplicated
UG50488,13-May,P2,MID62-2,Uganda_Kyenjojo,Ruybal,2006-2007,5-Jan,Uncomplicated
UG50230,13-May,P2,MID53-54,Uganda_Kyenjojo,Ruybal,2006-2007,5-Jan,Uncomplicated
UG50667,13-May,P2,MID4-4,Uganda_Kyenjojo,Ruybal,2006-2007,5-Jan,Uncomplicated
UG50465,13-May,P1,MID62-2,Uganda_Kyenjojo,Ruybal,2006-2007,5-Jan,Uncomplicated
UG50711,13-May,P2,MID5-5,Uganda_Kyenjojo,Ruybal,2006-2007,5-Jan,Uncomplicated
UG50146,13-May,P1,MID51-51,Uganda_Kyenjojo,Ruybal,2006-2007,5-Jan,Uncomplicated
UG50264,13-May,P2,MID59-60,Uganda_Kyenjojo,Ruybal,2006-2007,5-Jan,Uncomplicated
UG50784,13-May,P1,MID7-8,Uganda_Kyenjojo,Ruybal,2006-2007,5-Jan,Uncomplicated
UG50764,13-May,P1,MID7-7,Uganda_Kyenjojo,Ruybal,2006-2007,5-Jan,Uncomplicated
UG50036,13-May,P1,MID49-50,Uganda_Kyenjojo,Ruybal,2006-2007,5-Jan,Uncomplicated
UG50457,13-May,P2,MID62-62,Uganda_Kyenjojo,Ruybal,2006-2007,5-Jan,Uncomplicated
UG50654,13-May,P1,MID4-4,Uganda_Kyenjojo,Ruybal,2006-2007,5-Jan,Uncomplicated
UG50097,13-May,P2,MID50-50,Uganda_Kyenjojo,Ruybal,2006-2007,5-Jan,Uncomplicated
UG50162,13-May,P2,MID51-51,Uganda_Kyenjojo,Ruybal,2006-2007,5-Jan,Uncomplicated
UG50701,13-May,P1,MID5-5,Uganda_Kyenjojo,Ruybal,2006-2007,5-Jan,Uncomplicated
UG50221,13-May,P2,MID53-53,Uganda_Kyenjojo,Ruybal,2006-2007,5-Jan,Uncomplicated
UG50092,13-May,P1,MID50-50,Uganda_Kyenjojo,Ruybal,2006-2007,5-Jan,Uncomplicated
UG50229,13-May,P1,MID53-54,Uganda_Kyenjojo,Ruybal,2006-2007,5-Jan,Uncomplicated
UG50543,13-May,P1,MID1-3,Uganda_Kyenjojo,Ruybal,2006-2007,5-Jan,Uncomplicated
UG50013,13-May,P2,MID49-49,Uganda_Kyenjojo,Ruybal,2006-2007,5-Jan,Uncomplicated
UG50378,13-May,P1,MID61-62,Uganda_Kyenjojo,Ruybal,2006-2007,5-Jan,Uncomplicated
UG50747,13-May,P2,MID6-7,Uganda_Kyenjojo,Ruybal,2006-2007,5-Jan,Uncomplicated
UG50037,13-May,P2,MID49-50,Uganda_Kyenjojo,Ruybal,2006-2007,5-Jan,Uncomplicated
UG50768,13-May,P2,MID7-7,Uganda_Kyenjojo,Ruybal,2006-2007,5-Jan,Uncomplicated
UG50559,13-May,P1,MID2-2,Uganda_Kyenjojo,Ruybal,2006-2007,5-Jan,Uncomplicated
UG50691,13-May,P2,MID4-5,Uganda_Kyenjojo,Ruybal,2006-2007,5-Jan,Uncomplicated
UG50622,13-May,P2,MID3-3,Uganda_Kyenjojo,Ruybal,2006-2007,5-Jan,Uncomplicated
UG50504,13-May,P2,MID1-1,Uganda_Kyenjojo,Ruybal,2006-2007,5-Jan,Uncomplicated
UG50359,13-May,P2,MID60-61,Uganda_Kyenjojo,Ruybal,2006-2007,5-Jan,Uncomplicated
UG50646,13-May,P1,MID3-5,Uganda_Kyenjojo,Ruybal,2006-2007,5-Jan,Uncomplicated
UG50011,13-May,P1,MID49-49,Uganda_Kyenjojo,Ruybal,2006-2007,5-Jan,Uncomplicated
UG50451,13-May,P1,MID61-1,Uganda_Kyenjojo,Ruybal,2006-2007,5-Jan,Uncomplicated
UG50145,13-May,P2,MID50-53,Uganda_Kyenjojo,Ruybal,2006-2007,5-Jan,Uncomplicated
UG50724,13-May,P2,MID5-6,Uganda_Kyenjojo,Ruybal,2006-2007,5-Jan,Uncomplicated
UG10141,13-Mar,P2,MID03,Uganda_Tororo,Ruybal,2006-2007,5-Jan,Uncomplicated
UG10379,13-Mar,P1,MID14,Uganda_Tororo,Ruybal,2006-2007,5-Jan,Uncomplicated
UG10213,13-Mar,P3,MID06,Uganda_Tororo,Ruybal,2006-2007,5-Jan,Uncomplicated
UG10269,13-Mar,P3,MID08,Uganda_Tororo,Ruybal,2006-2007,5-Jan,Uncomplicated
UG10035,13-Mar,P2,MID01,Uganda_Tororo,Ruybal,2006-2007,5-Jan,Uncomplicated
UG10142,13-Mar,P3,MID03,Uganda_Tororo,Ruybal,2006-2007,5-Jan,Uncomplicated
UG10728,13-Mar,P1,MID26,Uganda_Tororo,Ruybal,2006-2007,5-Jan,Uncomplicated
UG10638,13-Mar,P4,MID21,Uganda_Tororo,Ruybal,2006-2007,5-Jan,Uncomplicated
UG10589,13-Mar,P2,MID20,Uganda_Tororo,Ruybal,2006-2007,5-Jan,Uncomplicated
UG10234,13-Mar,P3,MID07,Uganda_Tororo,Ruybal,2006-2007,5-Jan,Uncomplicated
UG10027,13-Mar,P1,MID01,Uganda_Tororo,Ruybal,2006-2007,5-Jan,Uncomplicated
UG10575,13-Mar,P4,MID19,Uganda_Tororo,Ruybal,2006-2007,5-Jan,Uncomplicated
UG10150,13-Mar,P1,MID04,Uganda_Tororo,Ruybal,2006-2007,5-Jan,Uncomplicated
UG10231,13-Mar,P2,MID07,Uganda_Tororo,Ruybal,2006-2007,5-Jan,Uncomplicated
UG10276,13-Mar,P4,MID08,Uganda_Tororo,Ruybal,2006-2007,5-Jan,Uncomplicated
UG10382,13-Mar,P2,MID14,Uganda_Tororo,Ruybal,2006-2007,5-Jan,Uncomplicated
UG10104,13-Mar,P4,MID02,Uganda_Tororo,Ruybal,2006-2007,5-Jan,Uncomplicated
UG10773,13-Mar,P3,MID27,Uganda_Tororo,Ruybal,2006-2007,5-Jan,Uncomplicated
UG10040,13-Mar,P3,MID01,Uganda_Tororo,Ruybal,2006-2007,5-Jan,Uncomplicated
UG10605,13-Mar,P4,MID20,Uganda_Tororo,Ruybal,2006-2007,5-Jan,Uncomplicated
UG10324,13-Mar,P2,MID10,Uganda_Tororo,Ruybal,2006-2007,5-Jan,Uncomplicated
UG10117,13-Mar,P1,MID03,Uganda_Tororo,Ruybal,2006-2007,5-Jan,Uncomplicated
UG10581,13-Mar,P1,MID20,Uganda_Tororo,Ruybal,2006-2007,5-Jan,Uncomplicated
UG10198,13-Mar,P2,MID05,Uganda_Tororo,Ruybal,2006-2007,5-Jan,Uncomplicated
UG10156,13-Mar,P2,MID04,Uganda_Tororo,Ruybal,2006-2007,5-Jan,Uncomplicated
UG10393,13-Mar,P1,MID15,Uganda_Tororo,Ruybal,2006-2007,5-Jan,Uncomplicated
UG10162,13-Mar,P3,MID04,Uganda_Tororo,Ruybal,2006-2007,5-Jan,Uncomplicated
UG10089,13-Mar,P2,MID02,Uganda_Tororo,Ruybal,2006-2007,5-Jan,Uncomplicated
UG10265,13-Mar,P2,MID08,Uganda_Tororo,Ruybal,2006-2007,5-Jan,Uncomplicated
UG10640,13-Mar,P2,MID22,Uganda_Tororo,Ruybal,2006-2007,5-Jan,Uncomplicated
UG10534,13-Mar,P3,MID18,Uganda_Tororo,Ruybal,2006-2007,5-Jan,Uncomplicated
UG10201,13-Mar,P4,MID05,Uganda_Tororo,Ruybal,2006-2007,5-Jan,Uncomplicated
UG10572,13-Mar,P3,MID19,Uganda_Tororo,Ruybal,2006-2007,5-Jan,Uncomplicated
UG10362,13-Mar,P4,MID11,Uganda_Tororo,Ruybal,2006-2007,5-Jan,Uncomplicated
UG10200,13-Mar,P3,MID05,Uganda_Tororo,Ruybal,2006-2007,5-Jan,Uncomplicated
UG10561,13-Mar,P1,MID19,Uganda_Tororo,Ruybal,2006-2007,5-Jan,Uncomplicated
UG10432,13-Mar,P2,MID16,Uganda_Tororo,Ruybal,2006-2007,5-Jan,Uncomplicated
UG10055,13-Mar,P4,MID01,Uganda_Tororo,Ruybal,2006-2007,5-Jan,Uncomplicated
UG10666,13-Mar,P2,MID23,Uganda_Tororo,Ruybal,2006-2007,5-Jan,Uncomplicated
UG10147,13-Mar,P4,MID03,Uganda_Tororo,Ruybal,2006-2007,5-Jan,Uncomplicated
UG10622,13-Mar,P2,MID21,Uganda_Tororo,Ruybal,2006-2007,5-Jan,Uncomplicated
UG10781,13-Mar,P4,MID27,Uganda_Tororo,Ruybal,2006-2007,5-Jan,Uncomplicated
UG10372,13-Mar,P4,MID13,Uganda_Tororo,Ruybal,2006-2007,5-Jan,Uncomplicated
UG10424,13-Mar,P4,MID15,Uganda_Tororo,Ruybal,2006-2007,5-Jan,Uncomplicated
UG10176,13-Mar,P1,MID05,Uganda_Tororo,Ruybal,2006-2007,5-Jan,Uncomplicated
UG10772,13-Mar,P2,MID27,Uganda_Tororo,Ruybal,2006-2007,5-Jan,Uncomplicated
UG10360,13-Mar,P3,MID11,Uganda_Tororo,Ruybal,2006-2007,5-Jan,Uncomplicated
UG10480,13-Mar,P2,MID17,Uganda_Tororo,Ruybal,2006-2007,5-Jan,Uncomplicated
UG10227,13-Mar,P4,MID06,Uganda_Tororo,Ruybal,2006-2007,5-Jan,Uncomplicated
UG10722,13-Mar,P3,MID25,Uganda_Tororo,Ruybal,2006-2007,5-Jan,Uncomplicated
UG10350,13-Mar,P2,MID11,Uganda_Tororo,Ruybal,2006-2007,5-Jan,Uncomplicated
UG10091,13-Mar,P3,MID02,Uganda_Tororo,Ruybal,2006-2007,5-Jan,Uncomplicated
UG10429,13-Mar,P1,MID16,Uganda_Tororo,Ruybal,2006-2007,5-Jan,Uncomplicated
UG10394,13-Mar,P2,MID15,Uganda_Tororo,Ruybal,2006-2007,5-Jan,Uncomplicated
UG10509,13-Mar,P1,MID18,Uganda_Tororo,Ruybal,2006-2007,5-Jan,Uncomplicated
UG10255,13-Mar,P1,MID08,Uganda_Tororo,Ruybal,2006-2007,5-Jan,Uncomplicated
UG10391,13-Mar,P4,MID14,Uganda_Tororo,Ruybal,2006-2007,5-Jan,Uncomplicated
UG10503,13-Mar,P4,MID17,Uganda_Tororo,Ruybal,2006-2007,5-Jan,Uncomplicated
UG10641,13-Mar,P3,MID22,Uganda_Tororo,Ruybal,2006-2007,5-Jan,Uncomplicated
UG10390,13-Mar,P3,MID14,Uganda_Tororo,Ruybal,2006-2007,5-Jan,Uncomplicated
UG10694,13-Mar,P4,MID24,Uganda_Tororo,Ruybal,2006-2007,5-Jan,Uncomplicated
UG10367,13-Mar,P1,MID13,Uganda_Tororo,Ruybal,2006-2007,5-Jan,Uncomplicated
UG10646,13-Mar,P4,MID22,Uganda_Tororo,Ruybal,2006-2007,5-Jan,Uncomplicated
UG10064,13-Mar,P1,MID02,Uganda_Tororo,Ruybal,2006-2007,5-Jan,Uncomplicated
UG10689,13-Mar,P3,MID24,Uganda_Tororo,Ruybal,2006-2007,5-Jan,Uncomplicated
UG10763,13-Mar,P3,MID26,Uganda_Tororo,Ruybal,2006-2007,5-Jan,Uncomplicated
UG10667,13-Mar,P3,MID23,Uganda_Tororo,Ruybal,2006-2007,5-Jan,Uncomplicated
UG10768,13-Mar,P4,MID26,Uganda_Tororo,Ruybal,2006-2007,5-Jan,Uncomplicated
UG10719,13-Mar,P2,MID25,Uganda_Tororo,Ruybal,2006-2007,5-Jan,Uncomplicated
UG10540,13-Mar,P4,MID18,Uganda_Tororo,Ruybal,2006-2007,5-Jan,Uncomplicated
UG10395,13-Mar,P3,MID15,Uganda_Tororo,Ruybal,2006-2007,5-Jan,Uncomplicated
UG10602,13-Mar,P3,MID20,Uganda_Tororo,Ruybal,2006-2007,5-Jan,Uncomplicated
UG10516,13-Mar,P2,MID18,Uganda_Tororo,Ruybal,2006-2007,5-Jan,Uncomplicated
UG10740,13-Mar,P2,MID26,Uganda_Tororo,Ruybal,2006-2007,5-Jan,Uncomplicated
UG10333,13-Mar,P4,MID10,Uganda_Tororo,Ruybal,2006-2007,5-Jan,Uncomplicated
UG10228,13-Mar,P1,MID07,Uganda_Tororo,Ruybal,2006-2007,5-Jan,Uncomplicated
UG10243,13-Mar,P4,MID07,Uganda_Tororo,Ruybal,2006-2007,5-Jan,Uncomplicated
UG10174,13-Mar,P4,MID04,Uganda_Tororo,Ruybal,2006-2007,5-Jan,Uncomplicated
UG10371,13-Mar,P3,MID13,Uganda_Tororo,Ruybal,2006-2007,5-Jan,Uncomplicated
UG10465,13-Mar,P1,MID17,Uganda_Tororo,Ruybal,2006-2007,5-Jan,Uncomplicated
UG10725,13-Mar,P4,MID25,Uganda_Tororo,Ruybal,2006-2007,5-Jan,Uncomplicated
UG10496,13-Mar,P3,MID17,Uganda_Tororo,Ruybal,2006-2007,5-Jan,Uncomplicated
UG10205,13-Mar,P1,MID06,Uganda_Tororo,Ruybal,2006-2007,5-Jan,Uncomplicated
UG10623,13-Mar,P3,MID21,Uganda_Tororo,Ruybal,2006-2007,5-Jan,Uncomplicated
UG10449,13-Mar,P4,MID16,Uganda_Tororo,Ruybal,2006-2007,5-Jan,Uncomplicated
UG10370,13-Mar,P2,MID13,Uganda_Tororo,Ruybal,2006-2007,5-Jan,Uncomplicated
UG10712,13-Mar,P1,MID25,Uganda_Tororo,Ruybal,2006-2007,5-Jan,Uncomplicated
UG10342,13-Mar,P1,MID11,Uganda_Tororo,Ruybal,2006-2007,5-Jan,Uncomplicated
UG10680,13-Mar,P4,MID23,Uganda_Tororo,Ruybal,2006-2007,5-Jan,Uncomplicated
UG10437,13-Mar,P3,MID16,Uganda_Tororo,Ruybal,2006-2007,5-Jan,Uncomplicated
UG10606,13-Mar,P1,MID21,Uganda_Tororo,Ruybal,2006-2007,5-Jan,Uncomplicated
V9,11-Sep,P2,MID31,Venezuela_ElCaura,Yalcindag,2003-2007,All,Uncomplicated
V11,11-Sep,P1,MID33,Venezuela_ElCaura,Yalcindag,2003-2007,All,Uncomplicated
V15,11-Sep,P3,MID32,Venezuela_ElCaura,Yalcindag,2003-2007,All,Uncomplicated
V14,11-Sep,P2,MID32,Venezuela_ElCaura,Yalcindag,2003-2007,All,Uncomplicated
V10,11-Sep,P4,MID32,Venezuela_ElCaura,Yalcindag,2003-2007,All,Uncomplicated
V6,11-Sep,P1,MID30,Venezuela_ElCaura,Yalcindag,2003-2007,All,Uncomplicated
V13,11-Sep,P1,MID32,Venezuela_ElCaura,Yalcindag,2003-2007,All,Uncomplicated
V2,11-Sep,P2,MID29,Venezuela_ElCaura,Yalcindag,2003-2007,All,Uncomplicated
V12,11-Sep,P3,MID31,Venezuela_ElCaura,Yalcindag,2003-2007,All,Uncomplicated
V7,11-Sep,P1,MID31,Venezuela_ElCaura,Yalcindag,2003-2007,All,Uncomplicated